timeStamp,elapsed,label,responseCode,responseMessage,threadName,dataType,success,failureMessage,bytes,sentBytes,grpThreads,allThreads,URL,Latency,IdleTime,Connect
1687640230747,1770,/api/v2/super-contest-effect/3,404,Not Found,Poke Api - run 1-2,text,false,,990,144,5,5,https://pokeapi.co/api/v2/super-contest-effect/3,1770,0,0
1687640233831,25,/api/v2/super-contest-effect/3,404,Not Found,Poke Api - run 1-7,text,false,,986,144,7,7,https://pokeapi.co/api/v2/super-contest-effect/3,25,0,0
1687640236519,234,/api/v2/super-contest-effect/3,404,Not Found,Poke Api - run 1-11,text,false,,982,144,12,12,https://pokeapi.co/api/v2/super-contest-effect/3,233,0,0
1687640237353,29,/api/v2/super-contest-effect/3,404,Not Found,Poke Api - run 1-5,text,false,,988,144,13,13,https://pokeapi.co/api/v2/super-contest-effect/3,29,0,0
1687640238228,275,/api/v2/super-contest-effect/3,404,Not Found,Poke Api - run 1-4,text,false,,976,144,15,15,https://pokeapi.co/api/v2/super-contest-effect/3,275,0,0
1687640239598,164,/api/v2/super-contest-effect/3,404,Not Found,Poke Api - run 1-3,text,false,,988,144,17,17,https://pokeapi.co/api/v2/super-contest-effect/3,164,0,0
1687640240621,112,/api/v2/super-contest-effect/3,404,Not Found,Poke Api - run 1-17,text,false,,992,144,18,18,https://pokeapi.co/api/v2/super-contest-effect/3,112,0,0
1687640241550,125,/api/v2/super-contest-effect/3,404,Not Found,Poke Api - run 1-13,text,false,,996,144,20,20,https://pokeapi.co/api/v2/super-contest-effect/3,125,0,0
1687640241907,118,/api/v2/super-contest-effect/3,404,Not Found,Poke Api - run 1-10,text,false,,992,144,21,21,https://pokeapi.co/api/v2/super-contest-effect/3,118,0,0
1687640243169,205,/api/v2/super-contest-effect/3,404,Not Found,Poke Api - run 1-16,text,false,,991,144,23,23,https://pokeapi.co/api/v2/super-contest-effect/3,205,0,0
1687640244564,186,/api/v2/super-contest-effect/3,404,Not Found,Poke Api - run 1-11,text,false,,990,144,25,25,https://pokeapi.co/api/v2/super-contest-effect/3,186,0,0
1687640245440,190,/api/v2/super-contest-effect/3,404,Not Found,Poke Api - run 1-24,text,false,,987,144,27,27,https://pokeapi.co/api/v2/super-contest-effect/3,190,0,0
1687640246209,268,/api/v2/super-contest-effect/3,404,Not Found,Poke Api - run 1-7,text,false,,995,144,28,28,https://pokeapi.co/api/v2/super-contest-effect/3,268,0,0
1687640246552,288,/api/v2/super-contest-effect/3,404,Not Found,Poke Api - run 1-19,text,false,,994,144,29,29,https://pokeapi.co/api/v2/super-contest-effect/3,288,0,0
1687640248076,363,/api/v2/super-contest-effect/3,404,Not Found,Poke Api - run 1-28,text,false,,989,144,31,31,https://pokeapi.co/api/v2/super-contest-effect/3,363,0,0
1687640249019,636,/api/v2/super-contest-effect/3,404,Not Found,Poke Api - run 1-18,text,false,,978,144,33,33,https://pokeapi.co/api/v2/super-contest-effect/3,636,0,0
1687640249574,308,/api/v2/super-contest-effect/3,404,Not Found,Poke Api - run 1-17,text,false,,985,144,34,34,https://pokeapi.co/api/v2/super-contest-effect/3,308,0,0
1687640250485,587,/api/v2/super-contest-effect/3,404,Not Found,Poke Api - run 1-23,text,false,,986,144,36,36,https://pokeapi.co/api/v2/super-contest-effect/3,587,0,0
1687640251314,335,/api/v2/super-contest-effect/3,404,Not Found,Poke Api - run 1-24,text,false,,995,144,37,37,https://pokeapi.co/api/v2/super-contest-effect/3,335,0,0
1687640252108,304,/api/v2/super-contest-effect/3,404,Not Found,Poke Api - run 1-13,text,false,,985,144,38,38,https://pokeapi.co/api/v2/super-contest-effect/3,304,0,0
1687640252574,241,/api/v2/super-contest-effect/3,404,Not Found,Poke Api - run 1-19,text,false,,997,144,39,39,https://pokeapi.co/api/v2/super-contest-effect/3,241,0,0
1687640255081,296,/api/v2/super-contest-effect/3,404,Not Found,Poke Api - run 1-38,text,false,,995,144,43,43,https://pokeapi.co/api/v2/super-contest-effect/3,296,0,0
1687640256070,424,/api/v2/super-contest-effect/3,404,Not Found,Poke Api - run 1-39,text,false,,993,144,45,45,https://pokeapi.co/api/v2/super-contest-effect/3,424,0,0
1687640256597,299,/api/v2/super-contest-effect/3,404,Not Found,Poke Api - run 1-14,text,false,,991,144,45,45,https://pokeapi.co/api/v2/super-contest-effect/3,299,0,0
1687640257057,389,/api/v2/super-contest-effect/3,404,Not Found,Poke Api - run 1-22,text,false,,993,144,46,46,https://pokeapi.co/api/v2/super-contest-effect/3,389,0,0
1687640259115,463,/api/v2/super-contest-effect/3,404,Not Found,Poke Api - run 1-24,text,false,,991,144,50,50,https://pokeapi.co/api/v2/super-contest-effect/3,463,0,0
1687640259565,325,/api/v2/super-contest-effect/3,404,Not Found,Poke Api - run 1-44,text,false,,993,144,50,50,https://pokeapi.co/api/v2/super-contest-effect/3,325,0,0
1687640259708,449,/api/v2/super-contest-effect/3,404,Not Found,Poke Api - run 1-2,text,false,,983,144,51,51,https://pokeapi.co/api/v2/super-contest-effect/3,449,0,0
1687640261613,623,/api/v2/super-contest-effect/3,404,Not Found,Poke Api - run 1-25,text,false,,993,144,54,54,https://pokeapi.co/api/v2/super-contest-effect/3,623,0,0
1687640261869,652,/api/v2/super-contest-effect/3,404,Not Found,Poke Api - run 1-48,text,false,,987,144,55,55,https://pokeapi.co/api/v2/super-contest-effect/3,652,0,0
1687640263167,450,/api/v2/super-contest-effect/3,404,Not Found,Poke Api - run 1-13,text,false,,995,144,57,57,https://pokeapi.co/api/v2/super-contest-effect/3,450,0,0
1687640264099,477,/api/v2/super-contest-effect/3,404,Not Found,Poke Api - run 1-16,text,false,,991,144,58,58,https://pokeapi.co/api/v2/super-contest-effect/3,477,0,0
1687640265218,608,/api/v2/super-contest-effect/3,404,Not Found,Poke Api - run 1-27,text,false,,987,144,60,60,https://pokeapi.co/api/v2/super-contest-effect/3,608,0,0
1687640266712,278,/api/v2/super-contest-effect/3,404,Not Found,Poke Api - run 1-29,text,false,,983,144,62,62,https://pokeapi.co/api/v2/super-contest-effect/3,278,0,0
1687640267654,640,/api/v2/super-contest-effect/3,404,Not Found,Poke Api - run 1-57,text,false,,989,144,64,64,https://pokeapi.co/api/v2/super-contest-effect/3,640,0,0
1687640268154,557,/api/v2/super-contest-effect/3,404,Not Found,Poke Api - run 1-17,text,false,,991,144,65,65,https://pokeapi.co/api/v2/super-contest-effect/3,557,0,0
1687640270153,842,/api/v2/super-contest-effect/3,404,Not Found,Poke Api - run 1-55,text,false,,991,144,69,69,https://pokeapi.co/api/v2/super-contest-effect/3,842,0,0
1687640270384,736,/api/v2/super-contest-effect/3,404,Not Found,Poke Api - run 1-45,text,false,,1001,144,69,69,https://pokeapi.co/api/v2/super-contest-effect/3,736,0,0
1687640270319,770,/api/v2/super-contest-effect/3,404,Not Found,Poke Api - run 1-61,text,false,,987,144,69,69,https://pokeapi.co/api/v2/super-contest-effect/3,770,0,0
1687640271363,752,/api/v2/super-contest-effect/3,404,Not Found,Poke Api - run 1-46,text,false,,991,144,71,71,https://pokeapi.co/api/v2/super-contest-effect/3,752,0,0
1687640272291,848,/api/v2/super-contest-effect/3,404,Not Found,Poke Api - run 1-32,text,false,,993,144,72,72,https://pokeapi.co/api/v2/super-contest-effect/3,848,0,0
1687640273198,579,/api/v2/super-contest-effect/3,404,Not Found,Poke Api - run 1-25,text,false,,989,144,74,74,https://pokeapi.co/api/v2/super-contest-effect/3,579,0,0
1687640276116,756,/api/v2/super-contest-effect/3,404,Not Found,Poke Api - run 1-69,text,false,,989,144,79,79,https://pokeapi.co/api/v2/super-contest-effect/3,756,0,0
1687640276783,612,/api/v2/super-contest-effect/3,404,Not Found,Poke Api - run 1-70,text,false,,993,144,80,80,https://pokeapi.co/api/v2/super-contest-effect/3,612,0,0
1687640277233,695,/api/v2/super-contest-effect/3,404,Not Found,Poke Api - run 1-28,text,false,,995,144,80,80,https://pokeapi.co/api/v2/super-contest-effect/3,695,0,0
1687640278387,738,/api/v2/super-contest-effect/3,404,Not Found,Poke Api - run 1-71,text,false,,993,144,82,82,https://pokeapi.co/api/v2/super-contest-effect/3,738,0,0
1687640279898,715,/api/v2/super-contest-effect/3,404,Not Found,Poke Api - run 1-30,text,false,,989,144,85,85,https://pokeapi.co/api/v2/super-contest-effect/3,714,0,0
1687640281544,740,/api/v2/super-contest-effect/3,404,Not Found,Poke Api - run 1-57,text,false,,991,144,88,88,https://pokeapi.co/api/v2/super-contest-effect/3,740,0,0
1687640281875,770,/api/v2/super-contest-effect/3,404,Not Found,Poke Api - run 1-6,text,false,,991,144,88,88,https://pokeapi.co/api/v2/super-contest-effect/3,770,0,0
1687640282012,809,/api/v2/super-contest-effect/3,404,Not Found,Poke Api - run 1-39,text,false,,993,144,89,89,https://pokeapi.co/api/v2/super-contest-effect/3,809,0,0
1687640282440,810,/api/v2/super-contest-effect/3,404,Not Found,Poke Api - run 1-76,text,false,,991,144,89,89,https://pokeapi.co/api/v2/super-contest-effect/3,810,0,0
1687640281862,2183,/api/v2/super-contest-effect/3,404,Not Found,Poke Api - run 1-8,text,false,,991,144,91,91,https://pokeapi.co/api/v2/super-contest-effect/3,2183,0,0
1687640284303,1225,/api/v2/super-contest-effect/3,404,Not Found,Poke Api - run 1-11,text,false,,989,144,93,93,https://pokeapi.co/api/v2/super-contest-effect/3,1225,0,0
1687640285123,1118,/api/v2/super-contest-effect/3,404,Not Found,Poke Api - run 1-83,text,false,,987,144,94,94,https://pokeapi.co/api/v2/super-contest-effect/3,1118,0,0
1687640285809,1039,/api/v2/super-contest-effect/3,404,Not Found,Poke Api - run 1-62,text,false,,985,144,95,95,https://pokeapi.co/api/v2/super-contest-effect/3,1039,0,0
1687640286846,869,/api/v2/super-contest-effect/3,404,Not Found,Poke Api - run 1-55,text,false,,989,144,97,97,https://pokeapi.co/api/v2/super-contest-effect/3,869,0,0
1687640287666,873,/api/v2/super-contest-effect/3,404,Not Found,Poke Api - run 1-32,text,false,,991,144,98,98,https://pokeapi.co/api/v2/super-contest-effect/3,873,0,0
1687640289208,1291,/api/v2/super-contest-effect/3,404,Not Found,Poke Api - run 1-88,text,false,,991,144,100,100,https://pokeapi.co/api/v2/super-contest-effect/3,1291,0,0
1687640290638,1177,/api/v2/super-contest-effect/3,404,Not Found,Poke Api - run 1-90,text,false,,991,144,100,100,https://pokeapi.co/api/v2/super-contest-effect/3,1177,0,0
1687640291937,1003,/api/v2/super-contest-effect/3,404,Not Found,Poke Api - run 1-92,text,false,,997,144,100,100,https://pokeapi.co/api/v2/super-contest-effect/3,1003,0,0
1687640292134,1000,/api/v2/super-contest-effect/3,404,Not Found,Poke Api - run 1-65,text,false,,989,144,100,100,https://pokeapi.co/api/v2/super-contest-effect/3,1000,0,0
1687640292733,843,/api/v2/super-contest-effect/3,404,Not Found,Poke Api - run 1-15,text,false,,987,144,100,100,https://pokeapi.co/api/v2/super-contest-effect/3,843,0,0
1687640293299,940,/api/v2/super-contest-effect/3,404,Not Found,Poke Api - run 1-50,text,false,,995,144,100,100,https://pokeapi.co/api/v2/super-contest-effect/3,940,0,0
1687640294417,1076,/api/v2/super-contest-effect/3,404,Not Found,Poke Api - run 1-69,text,false,,991,144,100,100,https://pokeapi.co/api/v2/super-contest-effect/3,1076,0,0
1687640295983,1111,/api/v2/super-contest-effect/3,404,Not Found,Poke Api - run 1-27,text,false,,991,144,100,100,https://pokeapi.co/api/v2/super-contest-effect/3,1111,0,0
1687640297093,1021,/api/v2/super-contest-effect/3,404,Not Found,Poke Api - run 1-38,text,false,,997,144,100,100,https://pokeapi.co/api/v2/super-contest-effect/3,1021,0,0
1687640297874,987,/api/v2/super-contest-effect/3,404,Not Found,Poke Api - run 1-37,text,false,,997,144,100,100,https://pokeapi.co/api/v2/super-contest-effect/3,987,0,0
1687640299559,839,/api/v2/super-contest-effect/3,404,Not Found,Poke Api - run 1-74,text,false,,991,144,100,100,https://pokeapi.co/api/v2/super-contest-effect/3,839,0,0
1687640301039,778,/api/v2/super-contest-effect/3,404,Not Found,Poke Api - run 1-54,text,false,,987,144,100,100,https://pokeapi.co/api/v2/super-contest-effect/3,778,0,0
1687640301880,990,/api/v2/super-contest-effect/3,404,Not Found,Poke Api - run 1-6,text,false,,995,144,100,100,https://pokeapi.co/api/v2/super-contest-effect/3,990,0,0
1687640303656,1130,/api/v2/super-contest-effect/3,404,Not Found,Poke Api - run 1-41,text,false,,983,144,100,100,https://pokeapi.co/api/v2/super-contest-effect/3,1130,0,0
1687640302802,2400,/api/v2/super-contest-effect/3,404,Not Found,Poke Api - run 1-82,text,false,,985,144,100,100,https://pokeapi.co/api/v2/super-contest-effect/3,2400,0,0
1687640302795,2567,/api/v2/super-contest-effect/3,404,Not Found,Poke Api - run 1-79,text,false,,993,144,100,100,https://pokeapi.co/api/v2/super-contest-effect/3,2567,0,0
1687640304608,864,/api/v2/super-contest-effect/3,404,Not Found,Poke Api - run 1-11,text,false,,995,144,100,100,https://pokeapi.co/api/v2/super-contest-effect/3,864,0,0
1687640305377,1111,/api/v2/super-contest-effect/3,404,Not Found,Poke Api - run 1-12,text,false,,989,144,100,100,https://pokeapi.co/api/v2/super-contest-effect/3,1111,0,0
1687640306213,718,/api/v2/super-contest-effect/3,404,Not Found,Poke Api - run 1-55,text,false,,989,144,100,100,https://pokeapi.co/api/v2/super-contest-effect/3,718,0,0
1687640308162,677,/api/v2/super-contest-effect/3,404,Not Found,Poke Api - run 1-88,text,false,,995,144,100,100,https://pokeapi.co/api/v2/super-contest-effect/3,677,0,0
1687640308821,928,/api/v2/super-contest-effect/3,404,Not Found,Poke Api - run 1-87,text,false,,991,144,100,100,https://pokeapi.co/api/v2/super-contest-effect/3,928,0,0
1687640310330,1051,/api/v2/super-contest-effect/3,404,Not Found,Poke Api - run 1-66,text,false,,987,144,100,100,https://pokeapi.co/api/v2/super-contest-effect/3,1051,0,0
1687640310367,1024,/api/v2/super-contest-effect/3,404,Not Found,Poke Api - run 1-48,text,false,,995,144,100,100,https://pokeapi.co/api/v2/super-contest-effect/3,1023,0,0
1687640312519,1090,/api/v2/super-contest-effect/3,404,Not Found,Poke Api - run 1-16,text,false,,983,144,100,100,https://pokeapi.co/api/v2/super-contest-effect/3,1090,0,0
1687640314493,1147,/api/v2/super-contest-effect/3,404,Not Found,Poke Api - run 1-3,text,false,,987,144,100,100,https://pokeapi.co/api/v2/super-contest-effect/3,1147,0,0
1687640315503,1125,/api/v2/super-contest-effect/3,404,Not Found,Poke Api - run 1-95,text,false,,991,144,100,100,https://pokeapi.co/api/v2/super-contest-effect/3,1125,0,0
1687640316243,1194,/api/v2/super-contest-effect/3,404,Not Found,Poke Api - run 1-99,text,false,,987,144,100,100,https://pokeapi.co/api/v2/super-contest-effect/3,1194,0,0
1687640317084,1315,/api/v2/super-contest-effect/3,404,Not Found,Poke Api - run 1-69,text,false,,991,144,100,100,https://pokeapi.co/api/v2/super-contest-effect/3,1315,0,0
1687640319463,879,/api/v2/super-contest-effect/3,404,Not Found,Poke Api - run 1-22,text,false,,985,144,100,100,https://pokeapi.co/api/v2/super-contest-effect/3,879,0,0
1687640321708,877,/api/v2/super-contest-effect/3,404,Not Found,Poke Api - run 1-77,text,false,,989,144,100,100,https://pokeapi.co/api/v2/super-contest-effect/3,877,0,0
1687640322379,800,/api/v2/super-contest-effect/3,404,Not Found,Poke Api - run 1-76,text,false,,993,144,100,100,https://pokeapi.co/api/v2/super-contest-effect/3,800,0,0
1687640321041,2394,/api/v2/super-contest-effect/3,404,Not Found,Poke Api - run 1-52,text,false,,989,144,100,100,https://pokeapi.co/api/v2/super-contest-effect/3,2394,0,1585
1687640323027,791,/api/v2/super-contest-effect/3,404,Not Found,Poke Api - run 1-8,text,false,,989,144,100,100,https://pokeapi.co/api/v2/super-contest-effect/3,791,0,0
1687640324381,1007,/api/v2/super-contest-effect/3,404,Not Found,Poke Api - run 1-31,text,false,,997,144,100,100,https://pokeapi.co/api/v2/super-contest-effect/3,1007,0,0
1687640325055,1072,/api/v2/super-contest-effect/3,404,Not Found,Poke Api - run 1-63,text,false,,993,144,100,100,https://pokeapi.co/api/v2/super-contest-effect/3,1072,0,0
1687640325354,941,/api/v2/super-contest-effect/3,404,Not Found,Poke Api - run 1-17,text,false,,985,144,100,100,https://pokeapi.co/api/v2/super-contest-effect/3,941,0,0
1687640325559,973,/api/v2/super-contest-effect/3,404,Not Found,Poke Api - run 1-43,text,false,,987,144,100,100,https://pokeapi.co/api/v2/super-contest-effect/3,973,0,0
1687640326716,916,/api/v2/super-contest-effect/3,404,Not Found,Poke Api - run 1-10,text,false,,989,144,100,100,https://pokeapi.co/api/v2/super-contest-effect/3,916,0,0
1687640327330,816,/api/v2/super-contest-effect/3,404,Not Found,Poke Api - run 1-87,text,false,,989,144,100,100,https://pokeapi.co/api/v2/super-contest-effect/3,816,0,0
1687640328258,1028,/api/v2/super-contest-effect/3,404,Not Found,Poke Api - run 1-65,text,false,,995,144,100,100,https://pokeapi.co/api/v2/super-contest-effect/3,1028,0,0
1687640329881,1224,/api/v2/super-contest-effect/3,404,Not Found,Poke Api - run 1-68,text,false,,997,144,100,100,https://pokeapi.co/api/v2/super-contest-effect/3,1224,0,0
1687640331785,1017,/api/v2/super-contest-effect/3,404,Not Found,Poke Api - run 1-88,text,false,,989,144,100,100,https://pokeapi.co/api/v2/super-contest-effect/3,1017,0,0
1687640333246,912,/api/v2/super-contest-effect/3,404,Not Found,Poke Api - run 1-90,text,false,,989,144,100,100,https://pokeapi.co/api/v2/super-contest-effect/3,912,0,0
1687640334844,1136,/api/v2/super-contest-effect/3,404,Not Found,Poke Api - run 1-93,text,false,,987,144,100,100,https://pokeapi.co/api/v2/super-contest-effect/3,1135,0,0
1687640335989,1217,/api/v2/super-contest-effect/3,404,Not Found,Poke Api - run 1-99,text,false,,991,144,100,100,https://pokeapi.co/api/v2/super-contest-effect/3,1217,0,0
1687640336307,1200,/api/v2/super-contest-effect/3,404,Not Found,Poke Api - run 1-70,text,false,,994,144,100,100,https://pokeapi.co/api/v2/super-contest-effect/3,1200,0,0
1687640337816,986,/api/v2/super-contest-effect/3,404,Not Found,Poke Api - run 1-98,text,false,,988,144,100,100,https://pokeapi.co/api/v2/super-contest-effect/3,986,0,0
1687640338943,866,/api/v2/super-contest-effect/3,404,Not Found,Poke Api - run 1-72,text,false,,988,144,100,100,https://pokeapi.co/api/v2/super-contest-effect/3,866,0,0
1687640339853,768,/api/v2/super-contest-effect/3,404,Not Found,Poke Api - run 1-20,text,false,,994,144,100,100,https://pokeapi.co/api/v2/super-contest-effect/3,768,0,0
1687640341974,711,/api/v2/super-contest-effect/3,404,Not Found,Poke Api - run 1-58,text,false,,990,144,100,100,https://pokeapi.co/api/v2/super-contest-effect/3,711,0,0
1687640342437,904,/api/v2/super-contest-effect/3,404,Not Found,Poke Api - run 1-80,text,false,,989,144,100,100,https://pokeapi.co/api/v2/super-contest-effect/3,904,0,0
1687640342532,955,/api/v2/super-contest-effect/3,404,Not Found,Poke Api - run 1-69,text,false,,991,144,100,100,https://pokeapi.co/api/v2/super-contest-effect/3,955,0,0
1687640343028,944,/api/v2/super-contest-effect/3,404,Not Found,Poke Api - run 1-84,text,false,,992,144,100,100,https://pokeapi.co/api/v2/super-contest-effect/3,944,0,0
1687640343709,929,/api/v2/super-contest-effect/3,404,Not Found,Poke Api - run 1-35,text,false,,994,144,100,100,https://pokeapi.co/api/v2/super-contest-effect/3,929,0,0
1687640344528,1119,/api/v2/super-contest-effect/3,404,Not Found,Poke Api - run 1-55,text,false,,990,144,100,100,https://pokeapi.co/api/v2/super-contest-effect/3,1119,0,0
1687640344930,1195,/api/v2/super-contest-effect/3,404,Not Found,Poke Api - run 1-10,text,false,,990,144,100,100,https://pokeapi.co/api/v2/super-contest-effect/3,1195,0,0
1687640345928,893,/api/v2/super-contest-effect/3,404,Not Found,Poke Api - run 1-23,text,false,,994,144,100,100,https://pokeapi.co/api/v2/super-contest-effect/3,893,0,0
1687640346993,864,/api/v2/super-contest-effect/3,404,Not Found,Poke Api - run 1-60,text,false,,990,144,100,100,https://pokeapi.co/api/v2/super-contest-effect/3,864,0,0
1687640347348,870,/api/v2/super-contest-effect/3,404,Not Found,Poke Api - run 1-81,text,false,,994,144,100,100,https://pokeapi.co/api/v2/super-contest-effect/3,870,0,0
1687640349094,1136,/api/v2/super-contest-effect/3,404,Not Found,Poke Api - run 1-1,text,false,,990,144,100,100,https://pokeapi.co/api/v2/super-contest-effect/3,1136,0,0
1687640351435,956,/api/v2/super-contest-effect/3,404,Not Found,Poke Api - run 1-7,text,false,,990,144,100,100,https://pokeapi.co/api/v2/super-contest-effect/3,956,0,0
1687640351905,962,/api/v2/super-contest-effect/3,404,Not Found,Poke Api - run 1-46,text,false,,992,144,100,100,https://pokeapi.co/api/v2/super-contest-effect/3,962,0,0
1687640353066,1070,/api/v2/super-contest-effect/3,404,Not Found,Poke Api - run 1-15,text,false,,990,144,100,100,https://pokeapi.co/api/v2/super-contest-effect/3,1070,0,0
1687640354277,1041,/api/v2/super-contest-effect/3,404,Not Found,Poke Api - run 1-90,text,false,,994,144,100,100,https://pokeapi.co/api/v2/super-contest-effect/3,1041,0,0
1687640355439,1146,/api/v2/super-contest-effect/3,404,Not Found,Poke Api - run 1-73,text,false,,992,144,100,100,https://pokeapi.co/api/v2/super-contest-effect/3,1146,0,0
1687640357498,902,/api/v2/super-contest-effect/3,404,Not Found,Poke Api - run 1-97,text,false,,996,144,100,100,https://pokeapi.co/api/v2/super-contest-effect/3,902,0,0
1687640357790,787,/api/v2/super-contest-effect/3,404,Not Found,Poke Api - run 1-92,text,false,,990,144,100,100,https://pokeapi.co/api/v2/super-contest-effect/3,787,0,0
1687640359657,794,/api/v2/super-contest-effect/3,404,Not Found,Poke Api - run 1-78,text,false,,988,144,100,100,https://pokeapi.co/api/v2/super-contest-effect/3,794,0,0
1687640360061,972,/api/v2/super-contest-effect/3,404,Not Found,Poke Api - run 1-98,text,false,,990,144,100,100,https://pokeapi.co/api/v2/super-contest-effect/3,972,0,0
1687640360897,1018,/api/v2/super-contest-effect/3,404,Not Found,Poke Api - run 1-6,text,false,,996,144,100,100,https://pokeapi.co/api/v2/super-contest-effect/3,1018,0,0
1687640360998,1005,/api/v2/super-contest-effect/3,404,Not Found,Poke Api - run 1-31,text,false,,986,144,100,100,https://pokeapi.co/api/v2/super-contest-effect/3,1005,0,0
1687640362383,1067,/api/v2/super-contest-effect/3,404,Not Found,Poke Api - run 1-83,text,false,,996,144,100,100,https://pokeapi.co/api/v2/super-contest-effect/3,1067,0,0
1687640364252,938,/api/v2/super-contest-effect/3,404,Not Found,Poke Api - run 1-47,text,false,,994,144,100,100,https://pokeapi.co/api/v2/super-contest-effect/3,938,0,0
1687640365302,901,/api/v2/super-contest-effect/3,404,Not Found,Poke Api - run 1-77,text,false,,988,144,100,100,https://pokeapi.co/api/v2/super-contest-effect/3,901,0,0
1687640365380,887,/api/v2/super-contest-effect/3,404,Not Found,Poke Api - run 1-57,text,false,,992,144,100,100,https://pokeapi.co/api/v2/super-contest-effect/3,887,0,0
1687640365340,899,/api/v2/super-contest-effect/3,404,Not Found,Poke Api - run 1-17,text,false,,990,144,100,100,https://pokeapi.co/api/v2/super-contest-effect/3,899,0,0
1687640365807,842,/api/v2/super-contest-effect/3,404,Not Found,Poke Api - run 1-49,text,false,,990,144,100,100,https://pokeapi.co/api/v2/super-contest-effect/3,842,0,0
1687640366572,1049,/api/v2/super-contest-effect/3,404,Not Found,Poke Api - run 1-54,text,false,,992,144,100,100,https://pokeapi.co/api/v2/super-contest-effect/3,1049,0,0
1687640368537,1067,/api/v2/super-contest-effect/3,404,Not Found,Poke Api - run 1-65,text,false,,990,144,100,100,https://pokeapi.co/api/v2/super-contest-effect/3,1067,0,0
1687640369909,919,/api/v2/super-contest-effect/3,404,Not Found,Poke Api - run 1-5,text,false,,988,144,100,100,https://pokeapi.co/api/v2/super-contest-effect/3,919,0,0
1687640371005,1071,/api/v2/super-contest-effect/3,404,Not Found,Poke Api - run 1-68,text,false,,990,144,100,100,https://pokeapi.co/api/v2/super-contest-effect/3,1071,0,0
1687640372014,876,/api/v2/super-contest-effect/3,404,Not Found,Poke Api - run 1-13,text,false,,998,144,100,100,https://pokeapi.co/api/v2/super-contest-effect/3,876,0,0
1687640373465,1161,/api/v2/super-contest-effect/3,404,Not Found,Poke Api - run 1-15,text,false,,988,144,100,100,https://pokeapi.co/api/v2/super-contest-effect/3,1161,0,0
1687640374217,1085,/api/v2/super-contest-effect/3,404,Not Found,Poke Api - run 1-18,text,false,,996,144,100,100,https://pokeapi.co/api/v2/super-contest-effect/3,1085,0,0
1687640375212,1217,/api/v2/super-contest-effect/3,404,Not Found,Poke Api - run 1-51,text,false,,992,144,100,100,https://pokeapi.co/api/v2/super-contest-effect/3,1217,0,0
1687640376211,1048,/api/v2/super-contest-effect/3,404,Not Found,Poke Api - run 1-93,text,false,,988,144,100,100,https://pokeapi.co/api/v2/super-contest-effect/3,1048,0,0
1687640377526,871,/api/v2/super-contest-effect/3,404,Not Found,Poke Api - run 1-52,text,false,,990,144,100,100,https://pokeapi.co/api/v2/super-contest-effect/3,871,0,0
1687640378235,870,/api/v2/super-contest-effect/3,404,Not Found,Poke Api - run 1-19,text,false,,992,144,100,100,https://pokeapi.co/api/v2/super-contest-effect/3,870,0,0
1687640379691,1026,/api/v2/super-contest-effect/3,404,Not Found,Poke Api - run 1-30,text,false,,992,144,100,100,https://pokeapi.co/api/v2/super-contest-effect/3,1026,0,0
1687640380185,961,/api/v2/super-contest-effect/3,404,Not Found,Poke Api - run 1-37,text,false,,992,144,100,100,https://pokeapi.co/api/v2/super-contest-effect/3,961,0,0
1687640380768,952,/api/v2/super-contest-effect/3,404,Not Found,Poke Api - run 1-20,text,false,,996,144,100,100,https://pokeapi.co/api/v2/super-contest-effect/3,952,0,0
1687640381584,1017,/api/v2/super-contest-effect/3,404,Not Found,Poke Api - run 1-74,text,false,,996,144,100,100,https://pokeapi.co/api/v2/super-contest-effect/3,1017,0,0
1687640383841,943,/api/v2/super-contest-effect/3,404,Not Found,Poke Api - run 1-61,text,false,,992,144,100,100,https://pokeapi.co/api/v2/super-contest-effect/3,943,0,0
1687640384876,740,/api/v2/super-contest-effect/3,404,Not Found,Poke Api - run 1-47,text,false,,994,144,100,100,https://pokeapi.co/api/v2/super-contest-effect/3,740,0,0
1687640384844,751,/api/v2/super-contest-effect/3,404,Not Found,Poke Api - run 1-23,text,false,,992,144,100,100,https://pokeapi.co/api/v2/super-contest-effect/3,751,0,0
1687640385153,3007,/api/v2/super-contest-effect/3,404,Not Found,Poke Api - run 1-54,text,false,,994,144,100,100,https://pokeapi.co/api/v2/super-contest-effect/3,3007,0,1945
1687640387975,1097,/api/v2/super-contest-effect/3,404,Not Found,Poke Api - run 1-43,text,false,,990,144,100,100,https://pokeapi.co/api/v2/super-contest-effect/3,1097,0,0
1687640388259,1056,/api/v2/super-contest-effect/3,404,Not Found,Poke Api - run 1-86,text,false,,994,144,100,100,https://pokeapi.co/api/v2/super-contest-effect/3,1055,0,0
1687640388788,1172,/api/v2/super-contest-effect/3,404,Not Found,Poke Api - run 1-41,text,false,,990,144,100,100,https://pokeapi.co/api/v2/super-contest-effect/3,1172,0,0
1687640389454,1096,/api/v2/super-contest-effect/3,404,Not Found,Poke Api - run 1-5,text,false,,988,144,100,100,https://pokeapi.co/api/v2/super-contest-effect/3,1096,0,0
1687640390739,932,/api/v2/super-contest-effect/3,404,Not Found,Poke Api - run 1-46,text,false,,984,144,100,100,https://pokeapi.co/api/v2/super-contest-effect/3,932,0,0
1687640391853,949,/api/v2/super-contest-effect/3,404,Not Found,Poke Api - run 1-15,text,false,,1000,144,100,100,https://pokeapi.co/api/v2/super-contest-effect/3,949,0,0
1687640392790,838,/api/v2/super-contest-effect/3,404,Not Found,Poke Api - run 1-13,text,false,,994,144,100,100,https://pokeapi.co/api/v2/super-contest-effect/3,838,0,0
1687640395839,847,/api/v2/super-contest-effect/3,404,Not Found,Poke Api - run 1-91,text,false,,990,144,100,100,https://pokeapi.co/api/v2/super-contest-effect/3,847,0,0
1687640393992,2885,/api/v2/super-contest-effect/3,404,Not Found,Poke Api - run 1-72,text,false,,992,144,100,100,https://pokeapi.co/api/v2/super-contest-effect/3,2885,0,2134
1687640396845,962,/api/v2/super-contest-effect/3,404,Not Found,Poke Api - run 1-94,text,false,,992,144,100,100,https://pokeapi.co/api/v2/super-contest-effect/3,962,0,0
1687640397729,869,/api/v2/super-contest-effect/3,404,Not Found,Poke Api - run 1-92,text,false,,998,144,100,100,https://pokeapi.co/api/v2/super-contest-effect/3,869,0,0
1687640398094,1074,/api/v2/super-contest-effect/3,404,Not Found,Poke Api - run 1-80,text,false,,988,144,100,100,https://pokeapi.co/api/v2/super-contest-effect/3,1074,0,0
1687640399261,1060,/api/v2/super-contest-effect/3,404,Not Found,Poke Api - run 1-29,text,false,,986,144,100,100,https://pokeapi.co/api/v2/super-contest-effect/3,1060,0,0
1687640399784,988,/api/v2/super-contest-effect/3,404,Not Found,Poke Api - run 1-11,text,false,,990,144,100,100,https://pokeapi.co/api/v2/super-contest-effect/3,988,0,0
1687640400397,859,/api/v2/super-contest-effect/3,404,Not Found,Poke Api - run 1-6,text,false,,994,144,100,100,https://pokeapi.co/api/v2/super-contest-effect/3,859,0,0
1687640401917,729,/api/v2/super-contest-effect/3,404,Not Found,Poke Api - run 1-35,text,false,,994,144,100,100,https://pokeapi.co/api/v2/super-contest-effect/3,729,0,0
1687640402313,672,/api/v2/super-contest-effect/3,404,Not Found,Poke Api - run 1-59,text,false,,988,144,100,100,https://pokeapi.co/api/v2/super-contest-effect/3,672,0,0
1687640403201,1126,/api/v2/super-contest-effect/3,404,Not Found,Poke Api - run 1-62,text,false,,988,144,100,100,https://pokeapi.co/api/v2/super-contest-effect/3,1126,0,0
1687640404598,1079,/api/v2/super-contest-effect/3,404,Not Found,Poke Api - run 1-79,text,false,,1006,144,100,100,https://pokeapi.co/api/v2/super-contest-effect/3,1078,0,0
1687640405514,984,/api/v2/super-contest-effect/3,404,Not Found,Poke Api - run 1-45,text,false,,990,144,100,100,https://pokeapi.co/api/v2/super-contest-effect/3,984,0,0
1687640406500,887,/api/v2/super-contest-effect/3,404,Not Found,Poke Api - run 1-43,text,false,,994,144,100,100,https://pokeapi.co/api/v2/super-contest-effect/3,887,0,0
1687640407164,915,/api/v2/super-contest-effect/3,404,Not Found,Poke Api - run 1-77,text,false,,990,144,100,100,https://pokeapi.co/api/v2/super-contest-effect/3,914,0,0
1687640408008,1127,/api/v2/super-contest-effect/3,404,Not Found,Poke Api - run 1-2,text,false,,992,144,100,100,https://pokeapi.co/api/v2/super-contest-effect/3,1127,0,0
1687640409105,1212,/api/v2/super-contest-effect/3,404,Not Found,Poke Api - run 1-82,text,false,,1002,144,100,100,https://pokeapi.co/api/v2/super-contest-effect/3,1212,0,0
1687640409832,1357,/api/v2/super-contest-effect/3,404,Not Found,Poke Api - run 1-68,text,false,,992,144,100,100,https://pokeapi.co/api/v2/super-contest-effect/3,1357,0,0
1687640411211,1041,/api/v2/super-contest-effect/3,404,Not Found,Poke Api - run 1-66,text,false,,990,144,100,100,https://pokeapi.co/api/v2/super-contest-effect/3,1041,0,0
1687640414788,878,/api/v2/super-contest-effect/3,404,Not Found,Poke Api - run 1-88,text,false,,992,144,100,100,https://pokeapi.co/api/v2/super-contest-effect/3,878,0,0
1687640416195,981,/api/v2/super-contest-effect/3,404,Not Found,Poke Api - run 1-4,text,false,,984,144,100,100,https://pokeapi.co/api/v2/super-contest-effect/3,981,0,0
1687640416210,1013,/api/v2/super-contest-effect/3,404,Not Found,Poke Api - run 1-91,text,false,,986,144,100,100,https://pokeapi.co/api/v2/super-contest-effect/3,1013,0,0
1687640416895,970,/api/v2/super-contest-effect/3,404,Not Found,Poke Api - run 1-42,text,false,,988,144,100,100,https://pokeapi.co/api/v2/super-contest-effect/3,970,0,0
1687640418362,1094,/api/v2/super-contest-effect/3,404,Not Found,Poke Api - run 1-27,text,false,,990,144,100,100,https://pokeapi.co/api/v2/super-contest-effect/3,1094,0,0
1687640419373,985,/api/v2/super-contest-effect/3,404,Not Found,Poke Api - run 1-67,text,false,,996,144,100,100,https://pokeapi.co/api/v2/super-contest-effect/3,985,0,0
1687640420772,1027,/api/v2/super-contest-effect/3,404,Not Found,Poke Api - run 1-94,text,false,,994,144,100,100,https://pokeapi.co/api/v2/super-contest-effect/3,1027,0,0
1687640420884,970,/api/v2/super-contest-effect/3,404,Not Found,Poke Api - run 1-6,text,false,,988,144,100,100,https://pokeapi.co/api/v2/super-contest-effect/3,970,0,0
1687640422596,788,/api/v2/super-contest-effect/3,404,Not Found,Poke Api - run 1-55,text,false,,998,144,100,100,https://pokeapi.co/api/v2/super-contest-effect/3,788,0,0
1687640423343,849,/api/v2/super-contest-effect/3,404,Not Found,Poke Api - run 1-56,text,false,,990,144,100,100,https://pokeapi.co/api/v2/super-contest-effect/3,849,0,0
1687640423438,931,/api/v2/super-contest-effect/3,404,Not Found,Poke Api - run 1-49,text,false,,992,144,100,100,https://pokeapi.co/api/v2/super-contest-effect/3,931,0,0
1687640423849,861,/api/v2/super-contest-effect/3,404,Not Found,Poke Api - run 1-62,text,false,,994,144,100,100,https://pokeapi.co/api/v2/super-contest-effect/3,861,0,0
1687640424586,1017,/api/v2/super-contest-effect/3,404,Not Found,Poke Api - run 1-40,text,false,,990,144,100,100,https://pokeapi.co/api/v2/super-contest-effect/3,1017,0,0
1687640424716,1131,/api/v2/super-contest-effect/3,404,Not Found,Poke Api - run 1-14,text,false,,994,144,100,100,https://pokeapi.co/api/v2/super-contest-effect/3,1131,0,0
1687640425639,1186,/api/v2/super-contest-effect/3,404,Not Found,Poke Api - run 1-77,text,false,,998,144,100,100,https://pokeapi.co/api/v2/super-contest-effect/3,1186,0,0
1687640427289,1063,/api/v2/super-contest-effect/3,404,Not Found,Poke Api - run 1-44,text,false,,994,144,100,100,https://pokeapi.co/api/v2/super-contest-effect/3,1063,0,0
1687640428239,973,/api/v2/super-contest-effect/3,404,Not Found,Poke Api - run 1-5,text,false,,996,144,100,100,https://pokeapi.co/api/v2/super-contest-effect/3,973,0,0
1687640430098,1071,/api/v2/super-contest-effect/3,404,Not Found,Poke Api - run 1-89,text,false,,988,144,100,100,https://pokeapi.co/api/v2/super-contest-effect/3,1071,0,0
1687640429496,3127,/api/v2/super-contest-effect/3,404,Not Found,Poke Api - run 1-33,text,false,,990,144,100,100,https://pokeapi.co/api/v2/super-contest-effect/3,3127,0,2044
1687640432348,1362,/api/v2/super-contest-effect/3,404,Not Found,Poke Api - run 1-64,text,false,,988,144,100,100,https://pokeapi.co/api/v2/super-contest-effect/3,1362,0,0
1687640434073,955,/api/v2/super-contest-effect/3,404,Not Found,Poke Api - run 1-13,text,false,,988,144,100,100,https://pokeapi.co/api/v2/super-contest-effect/3,955,0,0
1687640435422,906,/api/v2/super-contest-effect/3,404,Not Found,Poke Api - run 1-51,text,false,,990,144,100,100,https://pokeapi.co/api/v2/super-contest-effect/3,906,0,0
1687640436340,833,/api/v2/super-contest-effect/3,404,Not Found,Poke Api - run 1-3,text,false,,994,144,100,100,https://pokeapi.co/api/v2/super-contest-effect/3,833,0,0
1687640437128,915,/api/v2/super-contest-effect/3,404,Not Found,Poke Api - run 1-92,text,false,,990,144,100,100,https://pokeapi.co/api/v2/super-contest-effect/3,915,0,0
1687640437645,984,/api/v2/super-contest-effect/3,404,Not Found,Poke Api - run 1-50,text,false,,988,144,100,100,https://pokeapi.co/api/v2/super-contest-effect/3,984,0,0
1687640438653,841,/api/v2/super-contest-effect/3,404,Not Found,Poke Api - run 1-84,text,false,,988,144,100,100,https://pokeapi.co/api/v2/super-contest-effect/3,841,0,0
1687640439685,828,/api/v2/super-contest-effect/3,404,Not Found,Poke Api - run 1-6,text,false,,998,144,100,100,https://pokeapi.co/api/v2/super-contest-effect/3,828,0,0
1687640440211,934,/api/v2/super-contest-effect/3,404,Not Found,Poke Api - run 1-27,text,false,,994,144,100,100,https://pokeapi.co/api/v2/super-contest-effect/3,934,0,0
1687640440678,981,/api/v2/super-contest-effect/3,404,Not Found,Poke Api - run 1-59,text,false,,992,144,100,100,https://pokeapi.co/api/v2/super-contest-effect/3,981,0,0
1687640441049,953,/api/v2/super-contest-effect/3,404,Not Found,Poke Api - run 1-87,text,false,,996,144,100,100,https://pokeapi.co/api/v2/super-contest-effect/3,953,0,0
1687640443232,1033,/api/v2/super-contest-effect/3,404,Not Found,Poke Api - run 1-61,text,false,,996,144,100,100,https://pokeapi.co/api/v2/super-contest-effect/3,1033,0,0
1687640443726,1137,/api/v2/super-contest-effect/3,404,Not Found,Poke Api - run 1-60,text,false,,996,144,100,100,https://pokeapi.co/api/v2/super-contest-effect/3,1137,0,0
1687640444793,1195,/api/v2/super-contest-effect/3,404,Not Found,Poke Api - run 1-49,text,false,,988,144,100,100,https://pokeapi.co/api/v2/super-contest-effect/3,1195,0,0
1687640446387,954,/api/v2/super-contest-effect/3,404,Not Found,Poke Api - run 1-45,text,false,,988,144,100,100,https://pokeapi.co/api/v2/super-contest-effect/3,954,0,0
1687640447282,1000,/api/v2/super-contest-effect/3,404,Not Found,Poke Api - run 1-47,text,false,,994,144,100,100,https://pokeapi.co/api/v2/super-contest-effect/3,1000,0,0
1687640447803,1182,/api/v2/super-contest-effect/3,404,Not Found,Poke Api - run 1-28,text,false,,1004,144,100,100,https://pokeapi.co/api/v2/super-contest-effect/3,1182,0,0
1687640449218,1230,/api/v2/super-contest-effect/3,404,Not Found,Poke Api - run 1-100,text,false,,992,144,100,100,https://pokeapi.co/api/v2/super-contest-effect/3,1230,0,0
1687640450211,926,/api/v2/super-contest-effect/3,404,Not Found,Poke Api - run 1-24,text,false,,992,144,100,100,https://pokeapi.co/api/v2/super-contest-effect/3,926,0,0
1687640450640,1042,/api/v2/super-contest-effect/3,404,Not Found,Poke Api - run 1-2,text,false,,990,144,100,100,https://pokeapi.co/api/v2/super-contest-effect/3,1042,0,0
1687640454467,1004,/api/v2/super-contest-effect/3,404,Not Found,Poke Api - run 1-16,text,false,,992,144,100,100,https://pokeapi.co/api/v2/super-contest-effect/3,1004,0,0
1687640454582,986,/api/v2/super-contest-effect/3,404,Not Found,Poke Api - run 1-64,text,false,,996,144,100,100,https://pokeapi.co/api/v2/super-contest-effect/3,986,0,0
1687640455449,907,/api/v2/super-contest-effect/3,404,Not Found,Poke Api - run 1-3,text,false,,992,144,100,100,https://pokeapi.co/api/v2/super-contest-effect/3,907,0,0
1687640457155,813,/api/v2/super-contest-effect/3,404,Not Found,Poke Api - run 1-80,text,false,,988,144,100,100,https://pokeapi.co/api/v2/super-contest-effect/3,813,0,0
1687640457787,920,/api/v2/super-contest-effect/3,404,Not Found,Poke Api - run 1-53,text,false,,988,144,100,100,https://pokeapi.co/api/v2/super-contest-effect/3,920,0,0
1687640458263,1024,/api/v2/super-contest-effect/3,404,Not Found,Poke Api - run 1-99,text,false,,986,144,100,100,https://pokeapi.co/api/v2/super-contest-effect/3,1024,0,0
1687640458460,1058,/api/v2/super-contest-effect/3,404,Not Found,Poke Api - run 1-6,text,false,,988,144,100,100,https://pokeapi.co/api/v2/super-contest-effect/3,1058,0,0
1687640459239,1114,/api/v2/super-contest-effect/3,404,Not Found,Poke Api - run 1-83,text,false,,990,144,100,100,https://pokeapi.co/api/v2/super-contest-effect/3,1114,0,0
1687640459269,1125,/api/v2/super-contest-effect/3,404,Not Found,Poke Api - run 1-31,text,false,,994,144,100,100,https://pokeapi.co/api/v2/super-contest-effect/3,1125,0,0
1687640460108,1217,/api/v2/super-contest-effect/3,404,Not Found,Poke Api - run 1-29,text,false,,988,144,100,100,https://pokeapi.co/api/v2/super-contest-effect/3,1217,0,0
1687640461886,1002,/api/v2/super-contest-effect/3,404,Not Found,Poke Api - run 1-59,text,false,,988,144,100,100,https://pokeapi.co/api/v2/super-contest-effect/3,1002,0,0
1687640463762,735,/api/v2/super-contest-effect/3,404,Not Found,Poke Api - run 1-49,text,false,,994,144,100,100,https://pokeapi.co/api/v2/super-contest-effect/3,735,0,0
1687640464565,759,/api/v2/super-contest-effect/3,404,Not Found,Poke Api - run 1-76,text,false,,996,144,100,100,https://pokeapi.co/api/v2/super-contest-effect/3,759,0,0
1687640464894,916,/api/v2/super-contest-effect/3,404,Not Found,Poke Api - run 1-81,text,false,,992,144,100,100,https://pokeapi.co/api/v2/super-contest-effect/3,916,0,0
1687640465063,842,/api/v2/super-contest-effect/3,404,Not Found,Poke Api - run 1-61,text,false,,998,144,100,100,https://pokeapi.co/api/v2/super-contest-effect/3,842,0,0
1687640468823,1181,/api/v2/super-contest-effect/3,404,Not Found,Poke Api - run 1-46,text,false,,996,144,100,100,https://pokeapi.co/api/v2/super-contest-effect/3,1181,0,0
1687640469880,1018,/api/v2/super-contest-effect/3,404,Not Found,Poke Api - run 1-15,text,false,,992,144,100,100,https://pokeapi.co/api/v2/super-contest-effect/3,1018,0,0
1687640470152,959,/api/v2/super-contest-effect/3,404,Not Found,Poke Api - run 1-89,text,false,,992,144,100,100,https://pokeapi.co/api/v2/super-contest-effect/3,959,0,0
1687640471776,1039,/api/v2/super-contest-effect/3,404,Not Found,Poke Api - run 1-5,text,false,,992,144,100,100,https://pokeapi.co/api/v2/super-contest-effect/3,1039,0,0
1687640472877,970,/api/v2/super-contest-effect/3,404,Not Found,Poke Api - run 1-16,text,false,,992,144,100,100,https://pokeapi.co/api/v2/super-contest-effect/3,970,0,0
1687640472918,959,/api/v2/super-contest-effect/3,404,Not Found,Poke Api - run 1-100,text,false,,990,144,100,100,https://pokeapi.co/api/v2/super-contest-effect/3,959,0,0
1687640474253,1172,/api/v2/super-contest-effect/3,404,Not Found,Poke Api - run 1-72,text,false,,986,144,100,100,https://pokeapi.co/api/v2/super-contest-effect/3,1172,0,0
1687640475851,894,/api/v2/super-contest-effect/3,404,Not Found,Poke Api - run 1-22,text,false,,990,144,100,100,https://pokeapi.co/api/v2/super-contest-effect/3,894,0,0
1687640477599,1067,/api/v2/super-contest-effect/3,404,Not Found,Poke Api - run 1-67,text,false,,992,144,100,100,https://pokeapi.co/api/v2/super-contest-effect/3,1067,0,0
1687640478375,899,/api/v2/super-contest-effect/3,404,Not Found,Poke Api - run 1-53,text,false,,994,144,100,100,https://pokeapi.co/api/v2/super-contest-effect/3,899,0,0
1687640478497,865,/api/v2/super-contest-effect/3,404,Not Found,Poke Api - run 1-4,text,false,,986,144,100,100,https://pokeapi.co/api/v2/super-contest-effect/3,865,0,0
1687640478746,897,/api/v2/super-contest-effect/3,404,Not Found,Poke Api - run 1-91,text,false,,992,144,100,100,https://pokeapi.co/api/v2/super-contest-effect/3,897,0,0
1687640479269,984,/api/v2/super-contest-effect/3,404,Not Found,Poke Api - run 1-39,text,false,,998,144,100,100,https://pokeapi.co/api/v2/super-contest-effect/3,984,0,0
1687640479774,1002,/api/v2/super-contest-effect/3,404,Not Found,Poke Api - run 1-69,text,false,,994,144,100,100,https://pokeapi.co/api/v2/super-contest-effect/3,1002,0,0
1687640480676,1063,/api/v2/super-contest-effect/3,404,Not Found,Poke Api - run 1-94,text,false,,994,144,100,100,https://pokeapi.co/api/v2/super-contest-effect/3,1063,0,0
1687640481798,886,/api/v2/super-contest-effect/3,404,Not Found,Poke Api - run 1-20,text,false,,988,144,100,100,https://pokeapi.co/api/v2/super-contest-effect/3,886,0,0
1687640482420,1005,/api/v2/super-contest-effect/3,404,Not Found,Poke Api - run 1-49,text,false,,992,144,100,100,https://pokeapi.co/api/v2/super-contest-effect/3,1005,0,0
1687640483419,870,/api/v2/super-contest-effect/3,404,Not Found,Poke Api - run 1-76,text,false,,992,144,100,100,https://pokeapi.co/api/v2/super-contest-effect/3,870,0,0
1687640484183,1028,/api/v2/super-contest-effect/3,404,Not Found,Poke Api - run 1-47,text,false,,988,144,100,100,https://pokeapi.co/api/v2/super-contest-effect/3,1028,0,0
1687640486173,1264,/api/v2/super-contest-effect/3,404,Not Found,Poke Api - run 1-36,text,false,,988,144,100,100,https://pokeapi.co/api/v2/super-contest-effect/3,1264,0,0
1687640489509,922,/api/v2/super-contest-effect/3,404,Not Found,Poke Api - run 1-95,text,false,,996,144,100,100,https://pokeapi.co/api/v2/super-contest-effect/3,922,0,0
1687640490139,1077,/api/v2/super-contest-effect/3,404,Not Found,Poke Api - run 1-17,text,false,,990,144,100,100,https://pokeapi.co/api/v2/super-contest-effect/3,1077,0,0
1687640490860,1013,/api/v2/super-contest-effect/3,404,Not Found,Poke Api - run 1-26,text,false,,984,144,100,100,https://pokeapi.co/api/v2/super-contest-effect/3,1013,0,0
1687640492052,925,/api/v2/super-contest-effect/3,404,Not Found,Poke Api - run 1-54,text,false,,994,144,100,100,https://pokeapi.co/api/v2/super-contest-effect/3,925,0,0
1687640493753,1046,/api/v2/super-contest-effect/3,404,Not Found,Poke Api - run 1-86,text,false,,1000,144,100,100,https://pokeapi.co/api/v2/super-contest-effect/3,1046,0,0
1687640494070,892,/api/v2/super-contest-effect/3,404,Not Found,Poke Api - run 1-88,text,false,,994,144,100,100,https://pokeapi.co/api/v2/super-contest-effect/3,892,0,0
1687640495229,1042,/api/v2/super-contest-effect/3,404,Not Found,Poke Api - run 1-13,text,false,,986,144,100,100,https://pokeapi.co/api/v2/super-contest-effect/3,1042,0,0
1687640495332,1004,/api/v2/super-contest-effect/3,404,Not Found,Poke Api - run 1-34,text,false,,988,144,100,100,https://pokeapi.co/api/v2/super-contest-effect/3,1004,0,0
1687640496369,1061,/api/v2/super-contest-effect/3,404,Not Found,Poke Api - run 1-67,text,false,,988,144,100,100,https://pokeapi.co/api/v2/super-contest-effect/3,1061,0,0
1687640498469,911,/api/v2/super-contest-effect/3,404,Not Found,Poke Api - run 1-8,text,false,,992,144,100,100,https://pokeapi.co/api/v2/super-contest-effect/3,911,0,0
1687640499160,808,/api/v2/super-contest-effect/3,404,Not Found,Poke Api - run 1-78,text,false,,992,144,100,100,https://pokeapi.co/api/v2/super-contest-effect/3,808,0,0
1687640499257,933,/api/v2/super-contest-effect/3,404,Not Found,Poke Api - run 1-35,text,false,,988,144,100,100,https://pokeapi.co/api/v2/super-contest-effect/3,933,0,0
1687640499918,1069,/api/v2/super-contest-effect/3,404,Not Found,Poke Api - run 1-59,text,false,,988,144,100,100,https://pokeapi.co/api/v2/super-contest-effect/3,1069,0,0
1687640500289,1070,/api/v2/super-contest-effect/3,404,Not Found,Poke Api - run 1-99,text,false,,990,144,100,100,https://pokeapi.co/api/v2/super-contest-effect/3,1070,0,0
1687640500817,985,/api/v2/super-contest-effect/3,404,Not Found,Poke Api - run 1-79,text,false,,988,144,100,100,https://pokeapi.co/api/v2/super-contest-effect/3,985,0,0
1687640501290,1203,/api/v2/super-contest-effect/3,404,Not Found,Poke Api - run 1-60,text,false,,990,144,100,100,https://pokeapi.co/api/v2/super-contest-effect/3,1203,0,0
1687640502517,1143,/api/v2/super-contest-effect/3,404,Not Found,Poke Api - run 1-94,text,false,,990,144,100,100,https://pokeapi.co/api/v2/super-contest-effect/3,1143,0,0
1687640503639,972,/api/v2/super-contest-effect/3,404,Not Found,Poke Api - run 1-61,text,false,,990,144,100,100,https://pokeapi.co/api/v2/super-contest-effect/3,972,0,0
1687640504788,871,/api/v2/super-contest-effect/3,404,Not Found,Poke Api - run 1-73,text,false,,988,144,100,100,https://pokeapi.co/api/v2/super-contest-effect/3,871,0,0
1687640506097,1108,/api/v2/super-contest-effect/3,404,Not Found,Poke Api - run 1-63,text,false,,994,144,100,100,https://pokeapi.co/api/v2/super-contest-effect/3,1108,0,0
1687640506972,939,/api/v2/super-contest-effect/3,404,Not Found,Poke Api - run 1-81,text,false,,984,144,100,100,https://pokeapi.co/api/v2/super-contest-effect/3,939,0,0
1687640507933,1109,/api/v2/super-contest-effect/3,404,Not Found,Poke Api - run 1-95,text,false,,996,144,100,100,https://pokeapi.co/api/v2/super-contest-effect/3,1109,0,0
1687640509066,1137,/api/v2/super-contest-effect/3,404,Not Found,Poke Api - run 1-15,text,false,,996,144,100,100,https://pokeapi.co/api/v2/super-contest-effect/3,1137,0,0
1687640510369,1085,/api/v2/super-contest-effect/3,404,Not Found,Poke Api - run 1-24,text,false,,986,144,100,100,https://pokeapi.co/api/v2/super-contest-effect/3,1085,0,0
1687640511254,1079,/api/v2/super-contest-effect/3,404,Not Found,Poke Api - run 1-12,text,false,,992,144,100,100,https://pokeapi.co/api/v2/super-contest-effect/3,1079,0,0
1687640513448,871,/api/v2/super-contest-effect/3,404,Not Found,Poke Api - run 1-1,text,false,,994,144,100,100,https://pokeapi.co/api/v2/super-contest-effect/3,871,0,0
1687640513937,739,/api/v2/super-contest-effect/3,404,Not Found,Poke Api - run 1-3,text,false,,986,144,100,100,https://pokeapi.co/api/v2/super-contest-effect/3,739,0,0
1687640514955,914,/api/v2/super-contest-effect/3,404,Not Found,Poke Api - run 1-90,text,false,,988,144,100,100,https://pokeapi.co/api/v2/super-contest-effect/3,914,0,0
1687640516119,1054,/api/v2/super-contest-effect/3,404,Not Found,Poke Api - run 1-37,text,false,,988,144,100,100,https://pokeapi.co/api/v2/super-contest-effect/3,1054,0,0
1687640517699,1109,/api/v2/super-contest-effect/3,404,Not Found,Poke Api - run 1-21,text,false,,994,144,100,100,https://pokeapi.co/api/v2/super-contest-effect/3,1109,0,0
1687640518154,1288,/api/v2/super-contest-effect/3,404,Not Found,Poke Api - run 1-4,text,false,,988,144,100,100,https://pokeapi.co/api/v2/super-contest-effect/3,1288,0,0
1687640519394,1035,/api/v2/super-contest-effect/3,404,Not Found,Poke Api - run 1-25,text,false,,988,144,100,100,https://pokeapi.co/api/v2/super-contest-effect/3,1035,0,0
1687640521340,1129,/api/v2/super-contest-effect/3,404,Not Found,Poke Api - run 1-58,text,false,,988,144,100,100,https://pokeapi.co/api/v2/super-contest-effect/3,1129,0,0
1687640521950,992,/api/v2/super-contest-effect/3,404,Not Found,Poke Api - run 1-94,text,false,,990,144,100,100,https://pokeapi.co/api/v2/super-contest-effect/3,992,0,0
1687640522184,938,/api/v2/super-contest-effect/3,404,Not Found,Poke Api - run 1-79,text,false,,994,144,100,100,https://pokeapi.co/api/v2/super-contest-effect/3,938,0,0
1687640522907,859,/api/v2/super-contest-effect/3,404,Not Found,Poke Api - run 1-60,text,false,,990,144,100,100,https://pokeapi.co/api/v2/super-contest-effect/3,858,0,0
1687640524152,897,/api/v2/super-contest-effect/3,404,Not Found,Poke Api - run 1-47,text,false,,992,144,100,100,https://pokeapi.co/api/v2/super-contest-effect/3,897,0,0
1687640527708,795,/api/v2/super-contest-effect/3,404,Not Found,Poke Api - run 1-61,text,false,,992,144,100,100,https://pokeapi.co/api/v2/super-contest-effect/3,795,0,0
1687640527721,818,/api/v2/super-contest-effect/3,404,Not Found,Poke Api - run 1-20,text,false,,992,144,100,100,https://pokeapi.co/api/v2/super-contest-effect/3,818,0,0
1687640528066,844,/api/v2/super-contest-effect/3,404,Not Found,Poke Api - run 1-63,text,false,,988,144,100,100,https://pokeapi.co/api/v2/super-contest-effect/3,844,0,0
1687640528903,1100,/api/v2/super-contest-effect/3,404,Not Found,Poke Api - run 1-24,text,false,,990,144,98,98,https://pokeapi.co/api/v2/super-contest-effect/3,1100,0,0
1687640529396,1010,/api/v2/super-contest-effect/3,404,Not Found,Poke Api - run 1-2,text,false,,996,144,62,62,https://pokeapi.co/api/v2/super-contest-effect/3,1010,0,0
1687640529418,1030,/api/v2/super-contest-effect/3,404,Not Found,Poke Api - run 1-12,text,false,,988,144,59,59,https://pokeapi.co/api/v2/super-contest-effect/3,1030,0,0
1687640529563,1019,/api/v2/super-contest-effect/3,404,Not Found,Poke Api - run 1-76,text,false,,998,144,44,44,https://pokeapi.co/api/v2/super-contest-effect/3,1019,0,0
