{
  "/api/v2/item-attribute/underground" : {
    "transaction" : "/api/v2/item-attribute/underground",
    "sampleCount" : 293,
    "errorCount" : 0,
    "errorPct" : 0.0,
    "meanResTime" : 1012.8020477815693,
    "medianResTime" : 1008.0,
    "minResTime" : 28.0,
    "maxResTime" : 4183.0,
    "pct1ResTime" : 1240.6000000000001,
    "pct2ResTime" : 1331.6,
    "pct3ResTime" : 3211.94,
    "throughput" : 0.9803691943238967,
    "receivedKBytesPerSec" : 4.358671535959139,
    "sentKBytesPerSec" : 0.14169398511712566
  },
  "/api/v2/item-attribute/holdable" : {
    "transaction" : "/api/v2/item-attribute/holdable",
    "sampleCount" : 292,
    "errorCount" : 0,
    "errorPct" : 0.0,
    "meanResTime" : 1108.5102739726026,
    "medianResTime" : 1079.5,
    "minResTime" : 41.0,
    "maxResTime" : 5226.0,
    "pct1ResTime" : 1351.8,
    "pct2ResTime" : 1861.599999999998,
    "pct3ResTime" : 3450.6899999999905,
    "throughput" : 0.9793235289185518,
    "receivedKBytesPerSec" : 12.223533556294333,
    "sentKBytesPerSec" : 0.13867374188788087
  },
  "/api/v2/region/paldea" : {
    "transaction" : "/api/v2/region/paldea",
    "sampleCount" : 284,
    "errorCount" : 0,
    "errorPct" : 0.0,
    "meanResTime" : 1072.9788732394375,
    "medianResTime" : 1030.5,
    "minResTime" : 170.0,
    "maxResTime" : 3985.0,
    "pct1ResTime" : 1273.5,
    "pct2ResTime" : 1988.5,
    "pct3ResTime" : 3430.0999999999867,
    "throughput" : 0.9673255152541104,
    "receivedKBytesPerSec" : 6.227603721393221,
    "sentKBytesPerSec" : 0.12752826617119617
  },
  "/api/v2/region/johto" : {
    "transaction" : "/api/v2/region/johto",
    "sampleCount" : 285,
    "errorCount" : 0,
    "errorPct" : 0.0,
    "meanResTime" : 1117.6350877192992,
    "medianResTime" : 1031.0,
    "minResTime" : 111.0,
    "maxResTime" : 5657.0,
    "pct1ResTime" : 1313.0000000000002,
    "pct2ResTime" : 2287.299999999999,
    "pct3ResTime" : 4046.239999999979,
    "throughput" : 0.9688670714377987,
    "receivedKBytesPerSec" : 6.838447311903806,
    "sentKBytesPerSec" : 0.1267853394264307
  },
  "/api/v2/item/poke-ball" : {
    "transaction" : "/api/v2/item/poke-ball",
    "sampleCount" : 293,
    "errorCount" : 0,
    "errorPct" : 0.0,
    "meanResTime" : 1173.9419795221843,
    "medianResTime" : 1121.0,
    "minResTime" : 59.0,
    "maxResTime" : 4084.0,
    "pct1ResTime" : 1580.0000000000007,
    "pct2ResTime" : 2060.0,
    "pct3ResTime" : 3370.5200000000013,
    "throughput" : 0.984493389110092,
    "receivedKBytesPerSec" : 19.092869038018918,
    "sentKBytesPerSec" : 0.13075302824118407
  },
  "/api/v2/super-contest-effect/3" : {
    "transaction" : "/api/v2/super-contest-effect/3",
    "sampleCount" : 297,
    "errorCount" : 297,
    "errorPct" : 100.0,
    "meanResTime" : 942.5420875420876,
    "medianResTime" : 955.0,
    "minResTime" : 25.0,
    "maxResTime" : 3127.0,
    "pct1ResTime" : 1177.8,
    "pct2ResTime" : 1233.3999999999987,
    "pct3ResTime" : 2887.439999999998,
    "throughput" : 0.9905447996398019,
    "receivedKBytesPerSec" : 0.9586750577400904,
    "sentKBytesPerSec" : 0.13929536244934715
  },
  "/api/v2/super-contest-effect/1" : {
    "transaction" : "/api/v2/super-contest-effect/1",
    "sampleCount" : 297,
    "errorCount" : 0,
    "errorPct" : 0.0,
    "meanResTime" : 968.4444444444446,
    "medianResTime" : 974.0,
    "minResTime" : 25.0,
    "maxResTime" : 4220.0,
    "pct1ResTime" : 1183.6,
    "pct2ResTime" : 1280.1999999999994,
    "pct3ResTime" : 3724.479999999994,
    "throughput" : 0.9880962678572617,
    "receivedKBytesPerSec" : 2.2679578751189378,
    "sentKBytesPerSec" : 0.13895103766742745
  },
  "/api/v2/berry/razz" : {
    "transaction" : "/api/v2/berry/razz",
    "sampleCount" : 300,
    "errorCount" : 0,
    "errorPct" : 0.0,
    "meanResTime" : 1035.4699999999998,
    "medianResTime" : 984.5,
    "minResTime" : 23.0,
    "maxResTime" : 4596.0,
    "pct1ResTime" : 1231.3000000000006,
    "pct2ResTime" : 2233.2999999999993,
    "pct3ResTime" : 3410.130000000001,
    "throughput" : 1.0021780669989444,
    "receivedKBytesPerSec" : 1.901378422855673,
    "sentKBytesPerSec" : 0.12918701644908268
  },
  "/api/v2/item-pocket/battle" : {
    "transaction" : "/api/v2/item-pocket/battle",
    "sampleCount" : 289,
    "errorCount" : 0,
    "errorPct" : 0.0,
    "meanResTime" : 976.5813148788933,
    "medianResTime" : 969.0,
    "minResTime" : 59.0,
    "maxResTime" : 4194.0,
    "pct1ResTime" : 1160.0,
    "pct2ResTime" : 1252.5,
    "pct3ResTime" : 3379.300000000008,
    "throughput" : 0.9735950248957344,
    "receivedKBytesPerSec" : 1.7745172135137683,
    "sentKBytesPerSec" : 0.13310869480996368
  },
  "/api/v2/contest-effect/5" : {
    "transaction" : "/api/v2/contest-effect/5",
    "sampleCount" : 297,
    "errorCount" : 0,
    "errorPct" : 0.0,
    "meanResTime" : 917.5521885521891,
    "medianResTime" : 955.0,
    "minResTime" : 26.0,
    "maxResTime" : 3372.0,
    "pct1ResTime" : 1149.7999999999997,
    "pct2ResTime" : 1206.3999999999999,
    "pct3ResTime" : 2212.2999999999906,
    "throughput" : 0.9952482759082897,
    "receivedKBytesPerSec" : 1.4120523424776654,
    "sentKBytesPerSec" : 0.1341252559329531
  },
  "/api/v2/item-attribute/usable-overworld" : {
    "transaction" : "/api/v2/item-attribute/usable-overworld",
    "sampleCount" : 293,
    "errorCount" : 0,
    "errorPct" : 0.0,
    "meanResTime" : 979.2525597269624,
    "medianResTime" : 996.0,
    "minResTime" : 64.0,
    "maxResTime" : 2957.0,
    "pct1ResTime" : 1215.2000000000003,
    "pct2ResTime" : 1314.3000000000002,
    "pct3ResTime" : 2759.0600000000004,
    "throughput" : 0.9812458137977227,
    "receivedKBytesPerSec" : 3.835784441979236,
    "sentKBytesPerSec" : 0.1466119233506363
  },
  "/api/v2/contest-effect/3" : {
    "transaction" : "/api/v2/contest-effect/3",
    "sampleCount" : 297,
    "errorCount" : 0,
    "errorPct" : 0.0,
    "meanResTime" : 957.6363636363635,
    "medianResTime" : 964.0,
    "minResTime" : 23.0,
    "maxResTime" : 4482.0,
    "pct1ResTime" : 1159.0,
    "pct2ResTime" : 1254.2999999999995,
    "pct3ResTime" : 3291.5799999999876,
    "throughput" : 0.9938461847349243,
    "receivedKBytesPerSec" : 1.448414609329773,
    "sentKBytesPerSec" : 0.13393630223966752
  },
  "/api/v2/contest-effect/1" : {
    "transaction" : "/api/v2/contest-effect/1",
    "sampleCount" : 297,
    "errorCount" : 0,
    "errorPct" : 0.0,
    "meanResTime" : 976.4949494949495,
    "medianResTime" : 961.0,
    "minResTime" : 22.0,
    "maxResTime" : 5969.0,
    "pct1ResTime" : 1170.0,
    "pct2ResTime" : 1280.9999999999995,
    "pct3ResTime" : 3505.1599999999917,
    "throughput" : 0.991563364905334,
    "receivedKBytesPerSec" : 1.3871545282228315,
    "sentKBytesPerSec" : 0.13362865659857043
  },
  "/api/v2/location-area/sunyshore-city-area" : {
    "transaction" : "/api/v2/location-area/sunyshore-city-area",
    "sampleCount" : 287,
    "errorCount" : 0,
    "errorPct" : 0.0,
    "meanResTime" : 1147.5087108013938,
    "medianResTime" : 1108.0,
    "minResTime" : 99.0,
    "maxResTime" : 5620.0,
    "pct1ResTime" : 1356.2,
    "pct2ResTime" : 2067.6,
    "pct3ResTime" : 5207.0,
    "throughput" : 0.9701091457293226,
    "receivedKBytesPerSec" : 14.837687478028887,
    "sentKBytesPerSec" : 0.1468426929570752
  },
  "/api/v2/encounter-method/gift" : {
    "transaction" : "/api/v2/encounter-method/gift",
    "sampleCount" : 283,
    "errorCount" : 0,
    "errorPct" : 0.0,
    "meanResTime" : 1026.837455830388,
    "medianResTime" : 968.0,
    "minResTime" : 21.0,
    "maxResTime" : 7699.0,
    "pct1ResTime" : 1197.6,
    "pct2ResTime" : 1374.2,
    "pct3ResTime" : 3270.8400000000056,
    "throughput" : 0.9611661696679052,
    "receivedKBytesPerSec" : 1.2615206474540983,
    "sentKBytesPerSec" : 0.13422535377198283
  },
  "/api/v2/encounter-method/walk" : {
    "transaction" : "/api/v2/encounter-method/walk",
    "sampleCount" : 285,
    "errorCount" : 0,
    "errorPct" : 0.0,
    "meanResTime" : 950.4736842105265,
    "medianResTime" : 972.0,
    "minResTime" : 31.0,
    "maxResTime" : 3977.0,
    "pct1ResTime" : 1165.6000000000001,
    "pct2ResTime" : 1255.6999999999998,
    "pct3ResTime" : 2829.8999999999987,
    "throughput" : 0.9618727155523006,
    "receivedKBytesPerSec" : 1.4195862280920832,
    "sentKBytesPerSec" : 0.13432402180076072
  },
  "/api/v2/item-category/collectibles" : {
    "transaction" : "/api/v2/item-category/collectibles",
    "sampleCount" : 291,
    "errorCount" : 0,
    "errorPct" : 0.0,
    "meanResTime" : 981.2302405498284,
    "medianResTime" : 991.0,
    "minResTime" : 32.0,
    "maxResTime" : 3716.0,
    "pct1ResTime" : 1209.2,
    "pct2ResTime" : 1295.0,
    "pct3ResTime" : 3170.879999999999,
    "throughput" : 0.9786282389736174,
    "receivedKBytesPerSec" : 2.0992407276235476,
    "sentKBytesPerSec" : 0.14144236266415564
  },
  "/api/v2/berry-firmness/soft" : {
    "transaction" : "/api/v2/berry-firmness/soft",
    "sampleCount" : 300,
    "errorCount" : 0,
    "errorPct" : 0.0,
    "meanResTime" : 993.9333333333329,
    "medianResTime" : 967.0,
    "minResTime" : 26.0,
    "maxResTime" : 6114.0,
    "pct1ResTime" : 1198.2000000000003,
    "pct2ResTime" : 1312.9,
    "pct3ResTime" : 3592.5000000000023,
    "throughput" : 0.9995202302894611,
    "receivedKBytesPerSec" : 2.7394955889922836,
    "sentKBytesPerSec" : 0.1376292504597793
  },
  "/api/v2/item-category/evolution" : {
    "transaction" : "/api/v2/item-category/evolution",
    "sampleCount" : 292,
    "errorCount" : 0,
    "errorPct" : 0.0,
    "meanResTime" : 1015.4383561643835,
    "medianResTime" : 1007.5,
    "minResTime" : 45.0,
    "maxResTime" : 3865.0,
    "pct1ResTime" : 1242.4,
    "pct2ResTime" : 1350.7499999999998,
    "pct3ResTime" : 3131.8999999999983,
    "throughput" : 0.9827910592939387,
    "receivedKBytesPerSec" : 3.5150307395671008,
    "sentKBytesPerSec" : 0.13916474960705186
  },
  "/api/v2/contest-type/cute" : {
    "transaction" : "/api/v2/contest-type/cute",
    "sampleCount" : 298,
    "errorCount" : 0,
    "errorPct" : 0.0,
    "meanResTime" : 976.1275167785234,
    "medianResTime" : 947.0,
    "minResTime" : 40.0,
    "maxResTime" : 4355.0,
    "pct1ResTime" : 1198.1,
    "pct2ResTime" : 1295.05,
    "pct3ResTime" : 3152.0599999999936,
    "throughput" : 0.9958994342088114,
    "receivedKBytesPerSec" : 1.7081709183161948,
    "sentKBytesPerSec" : 0.1351855677295164
  },
  "/api/v2/super-contest-effect/7" : {
    "transaction" : "/api/v2/super-contest-effect/7",
    "sampleCount" : 295,
    "errorCount" : 0,
    "errorPct" : 0.0,
    "meanResTime" : 993.6677966101697,
    "medianResTime" : 972.0,
    "minResTime" : 26.0,
    "maxResTime" : 5462.0,
    "pct1ResTime" : 1196.0000000000002,
    "pct2ResTime" : 1341.8,
    "pct3ResTime" : 3944.7200000000144,
    "throughput" : 0.9890235152913093,
    "receivedKBytesPerSec" : 2.8326939167091334,
    "sentKBytesPerSec" : 0.13908143183784039
  },
  "/api/v2/encounter-method/purple-flowers" : {
    "transaction" : "/api/v2/encounter-method/purple-flowers",
    "sampleCount" : 284,
    "errorCount" : 0,
    "errorPct" : 0.0,
    "meanResTime" : 1016.5774647887323,
    "medianResTime" : 966.5,
    "minResTime" : 71.0,
    "maxResTime" : 3462.0,
    "pct1ResTime" : 1210.0,
    "pct2ResTime" : 1317.5,
    "pct3ResTime" : 3423.4499999999994,
    "throughput" : 0.9646608062390457,
    "receivedKBytesPerSec" : 1.409564562004932,
    "sentKBytesPerSec" : 0.14413388999470117
  },
  "/api/v2/super-contest-effect/5" : {
    "transaction" : "/api/v2/super-contest-effect/5",
    "sampleCount" : 297,
    "errorCount" : 0,
    "errorPct" : 0.0,
    "meanResTime" : 1030.6464646464651,
    "medianResTime" : 1012.0,
    "minResTime" : 31.0,
    "maxResTime" : 5148.0,
    "pct1ResTime" : 1262.0,
    "pct2ResTime" : 1438.2999999999972,
    "pct3ResTime" : 3268.319999999999,
    "throughput" : 0.9891690979577156,
    "receivedKBytesPerSec" : 5.717557277928207,
    "sentKBytesPerSec" : 0.13910190440030373
  },
  "/api/v2/berry-firmness/very-hard" : {
    "transaction" : "/api/v2/berry-firmness/very-hard",
    "sampleCount" : 299,
    "errorCount" : 0,
    "errorPct" : 0.0,
    "meanResTime" : 958.7959866220732,
    "medianResTime" : 976.0,
    "minResTime" : 29.0,
    "maxResTime" : 4771.0,
    "pct1ResTime" : 1190.0,
    "pct2ResTime" : 1277.0,
    "pct3ResTime" : 2960.0,
    "throughput" : 0.9975145540375987,
    "receivedKBytesPerSec" : 2.336914762965187,
    "sentKBytesPerSec" : 0.142223754774892
  },
  "/api/v2/contest-type/beauty" : {
    "transaction" : "/api/v2/contest-type/beauty",
    "sampleCount" : 297,
    "errorCount" : 0,
    "errorPct" : 0.0,
    "meanResTime" : 958.7441077441082,
    "medianResTime" : 953.0,
    "minResTime" : 22.0,
    "maxResTime" : 3980.0,
    "pct1ResTime" : 1164.6,
    "pct2ResTime" : 1269.5999999999995,
    "pct3ResTime" : 3472.719999999993,
    "throughput" : 0.997075915413048,
    "receivedKBytesPerSec" : 1.7134685085993602,
    "sentKBytesPerSec" : 0.1372926797590232
  },
  "/api/v2/item-fling-effect/paralyze" : {
    "transaction" : "/api/v2/item-fling-effect/paralyze",
    "sampleCount" : 290,
    "errorCount" : 0,
    "errorPct" : 0.0,
    "meanResTime" : 939.1931034482759,
    "medianResTime" : 950.0,
    "minResTime" : 22.0,
    "maxResTime" : 3728.0,
    "pct1ResTime" : 1153.9,
    "pct2ResTime" : 1237.1999999999998,
    "pct3ResTime" : 2483.2199999999834,
    "throughput" : 0.9779687252346283,
    "receivedKBytesPerSec" : 1.2656323505731233,
    "sentKBytesPerSec" : 0.14134704231906733
  },
  "/api/v2/encounter-condition-value/season-winter" : {
    "transaction" : "/api/v2/encounter-condition-value/season-winter",
    "sampleCount" : 281,
    "errorCount" : 0,
    "errorPct" : 0.0,
    "meanResTime" : 961.131672597865,
    "medianResTime" : 973.0,
    "minResTime" : 53.0,
    "maxResTime" : 3347.0,
    "pct1ResTime" : 1161.8,
    "pct2ResTime" : 1225.9,
    "pct3ResTime" : 3112.6600000000003,
    "throughput" : 0.9584261346776312,
    "receivedKBytesPerSec" : 1.4124581328085295,
    "sentKBytesPerSec" : 0.15069004656552598
  },
  "/api/v2/berry-flavor/sweet" : {
    "transaction" : "/api/v2/berry-flavor/sweet",
    "sampleCount" : 299,
    "errorCount" : 0,
    "errorPct" : 0.0,
    "meanResTime" : 977.9866220735786,
    "medianResTime" : 982.0,
    "minResTime" : 26.0,
    "maxResTime" : 5707.0,
    "pct1ResTime" : 1194.0,
    "pct2ResTime" : 1328.0,
    "pct3ResTime" : 3132.0,
    "throughput" : 0.9972350906683476,
    "receivedKBytesPerSec" : 4.013019843185615,
    "sentKBytesPerSec" : 0.13634073505231314
  },
  "/api/v2/super-contest-effect/9" : {
    "transaction" : "/api/v2/super-contest-effect/9",
    "sampleCount" : 295,
    "errorCount" : 0,
    "errorPct" : 0.0,
    "meanResTime" : 952.1525423728816,
    "medianResTime" : 955.0,
    "minResTime" : 25.0,
    "maxResTime" : 3483.0,
    "pct1ResTime" : 1159.2,
    "pct2ResTime" : 1254.8,
    "pct3ResTime" : 3103.160000000006,
    "throughput" : 0.9906941911737545,
    "receivedKBytesPerSec" : 1.8861363892051273,
    "sentKBytesPerSec" : 0.1393163706338092
  },
  "/api/v2/region/unova" : {
    "transaction" : "/api/v2/region/unova",
    "sampleCount" : 286,
    "errorCount" : 0,
    "errorPct" : 0.0,
    "meanResTime" : 1060.9475524475522,
    "medianResTime" : 1065.5,
    "minResTime" : 39.0,
    "maxResTime" : 3561.0,
    "pct1ResTime" : 1278.2,
    "pct2ResTime" : 1401.1999999999998,
    "pct3ResTime" : 2978.349999999998,
    "throughput" : 0.9607567807257409,
    "receivedKBytesPerSec" : 10.50706676398808,
    "sentKBytesPerSec" : 0.1257240318527825
  },
  "/api/v2/berry-flavor/spicy" : {
    "transaction" : "/api/v2/berry-flavor/spicy",
    "sampleCount" : 299,
    "errorCount" : 0,
    "errorPct" : 0.0,
    "meanResTime" : 970.4013377926414,
    "medianResTime" : 986.0,
    "minResTime" : 27.0,
    "maxResTime" : 4464.0,
    "pct1ResTime" : 1184.0,
    "pct2ResTime" : 1262.0,
    "pct3ResTime" : 3477.0,
    "throughput" : 0.9939432621284348,
    "receivedKBytesPerSec" : 3.9996789006455646,
    "sentKBytesPerSec" : 0.13589068036912194
  },
  "/api/v2/item-fling-effect/poison" : {
    "transaction" : "/api/v2/item-fling-effect/poison",
    "sampleCount" : 289,
    "errorCount" : 0,
    "errorPct" : 0.0,
    "meanResTime" : 918.653979238754,
    "medianResTime" : 943.0,
    "minResTime" : 72.0,
    "maxResTime" : 2380.0,
    "pct1ResTime" : 1176.0,
    "pct2ResTime" : 1232.5,
    "pct3ResTime" : 2313.000000000001,
    "throughput" : 0.9740183142405522,
    "receivedKBytesPerSec" : 1.2578908596048655,
    "sentKBytesPerSec" : 0.13887370496007873
  },
  "/api/v2/encounter-method/surf" : {
    "transaction" : "/api/v2/encounter-method/surf",
    "sampleCount" : 284,
    "errorCount" : 0,
    "errorPct" : 0.0,
    "meanResTime" : 962.4366197183103,
    "medianResTime" : 973.0,
    "minResTime" : 22.0,
    "maxResTime" : 3342.0,
    "pct1ResTime" : 1168.5,
    "pct2ResTime" : 1235.75,
    "pct3ResTime" : 2972.0499999999993,
    "throughput" : 0.9717208697586095,
    "receivedKBytesPerSec" : 1.3452113770892855,
    "sentKBytesPerSec" : 0.13569930114793083
  },
  "/api/v2/item-attribute/countable" : {
    "transaction" : "/api/v2/item-attribute/countable",
    "sampleCount" : 292,
    "errorCount" : 0,
    "errorPct" : 0.0,
    "meanResTime" : 1063.2500000000005,
    "medianResTime" : 1024.5,
    "minResTime" : 31.0,
    "maxResTime" : 4356.0,
    "pct1ResTime" : 1304.4,
    "pct2ResTime" : 2003.5499999999988,
    "pct3ResTime" : 3442.8999999999996,
    "throughput" : 0.9735734814587599,
    "receivedKBytesPerSec" : 5.627341853698913,
    "sentKBytesPerSec" : 0.13881028153611225
  },
  "/api/v2/location/eterna-forest" : {
    "transaction" : "/api/v2/location/eterna-forest",
    "sampleCount" : 288,
    "errorCount" : 0,
    "errorPct" : 0.0,
    "meanResTime" : 974.9131944444445,
    "medianResTime" : 992.0,
    "minResTime" : 23.0,
    "maxResTime" : 3509.0,
    "pct1ResTime" : 1184.2,
    "pct2ResTime" : 1258.3500000000004,
    "pct3ResTime" : 3107.53,
    "throughput" : 0.9635587436264604,
    "receivedKBytesPerSec" : 1.5226843276584854,
    "sentKBytesPerSec" : 0.135500448322471
  },
  "/api/v2/location/pinwheel-forest" : {
    "transaction" : "/api/v2/location/pinwheel-forest",
    "sampleCount" : 287,
    "errorCount" : 0,
    "errorPct" : 0.0,
    "meanResTime" : 998.0278745644597,
    "medianResTime" : 973.0,
    "minResTime" : 61.0,
    "maxResTime" : 3755.0,
    "pct1ResTime" : 1192.6,
    "pct2ResTime" : 1725.7999999999984,
    "pct3ResTime" : 3239.6000000000004,
    "throughput" : 0.9711990416600398,
    "receivedKBytesPerSec" : 1.7648223384662498,
    "sentKBytesPerSec" : 0.13847173836168533
  },
  "/api/v2/encounter-condition/season" : {
    "transaction" : "/api/v2/encounter-condition/season",
    "sampleCount" : 282,
    "errorCount" : 0,
    "errorPct" : 0.0,
    "meanResTime" : 1010.8014184397159,
    "medianResTime" : 982.5,
    "minResTime" : 109.0,
    "maxResTime" : 3462.0,
    "pct1ResTime" : 1202.3000000000002,
    "pct2ResTime" : 1314.7499999999995,
    "pct3ResTime" : 3426.02,
    "throughput" : 0.9602876776702467,
    "receivedKBytesPerSec" : 1.661468478216453,
    "sentKBytesPerSec" : 0.13879157841327786
  },
  "/api/v2/location/chargestone-cave" : {
    "transaction" : "/api/v2/location/chargestone-cave",
    "sampleCount" : 289,
    "errorCount" : 0,
    "errorPct" : 0.0,
    "meanResTime" : 991.3529411764703,
    "medianResTime" : 981.0,
    "minResTime" : 29.0,
    "maxResTime" : 4402.0,
    "pct1ResTime" : 1175.0,
    "pct2ResTime" : 1295.0,
    "pct3ResTime" : 3402.2000000000135,
    "throughput" : 0.9741003896401559,
    "receivedKBytesPerSec" : 1.9482666111081148,
    "sentKBytesPerSec" : 0.13983667702842079
  },
  "/api/v2/berry/pinap" : {
    "transaction" : "/api/v2/berry/pinap",
    "sampleCount" : 300,
    "errorCount" : 0,
    "errorPct" : 0.0,
    "meanResTime" : 1042.8899999999996,
    "medianResTime" : 996.0,
    "minResTime" : 31.0,
    "maxResTime" : 4874.0,
    "pct1ResTime" : 1242.1000000000004,
    "pct2ResTime" : 2193.2,
    "pct3ResTime" : 3549.680000000001,
    "throughput" : 1.0028011579010703,
    "receivedKBytesPerSec" : 1.8847210342974712,
    "sentKBytesPerSec" : 0.13024663476644763
  },
  "/api/v2/location-area/valley-windworks-area" : {
    "transaction" : "/api/v2/location-area/valley-windworks-area",
    "sampleCount" : 287,
    "errorCount" : 0,
    "errorPct" : 0.0,
    "meanResTime" : 1362.8501742160283,
    "medianResTime" : 1277.0,
    "minResTime" : 119.0,
    "maxResTime" : 10584.0,
    "pct1ResTime" : 1811.7999999999993,
    "pct2ResTime" : 2504.799999999998,
    "pct3ResTime" : 5194.680000000015,
    "throughput" : 0.9668931734646781,
    "receivedKBytesPerSec" : 34.22279973372537,
    "sentKBytesPerSec" : 0.14824436350972114
  },
  "/api/v2/item-fling-effect/berry-effect" : {
    "transaction" : "/api/v2/item-fling-effect/berry-effect",
    "sampleCount" : 290,
    "errorCount" : 0,
    "errorPct" : 0.0,
    "meanResTime" : 985.4965517241378,
    "medianResTime" : 977.5,
    "minResTime" : 27.0,
    "maxResTime" : 5825.0,
    "pct1ResTime" : 1202.9,
    "pct2ResTime" : 1263.9499999999998,
    "pct3ResTime" : 3557.579999999996,
    "throughput" : 0.9778170403164081,
    "receivedKBytesPerSec" : 2.840239763267123,
    "sentKBytesPerSec" : 0.14514471692196682
  },
  "/api/v2/berry-firmness/super-hard" : {
    "transaction" : "/api/v2/berry-firmness/super-hard",
    "sampleCount" : 299,
    "errorCount" : 0,
    "errorPct" : 0.0,
    "meanResTime" : 992.6086956521739,
    "medianResTime" : 972.0,
    "minResTime" : 25.0,
    "maxResTime" : 5446.0,
    "pct1ResTime" : 1174.0,
    "pct2ResTime" : 1289.0,
    "pct3ResTime" : 3923.0,
    "throughput" : 1.0018831382062605,
    "receivedKBytesPerSec" : 2.420293719926752,
    "sentKBytesPerSec" : 0.14382502081671905
  },
  "/api/v2/berry-flavor/sour" : {
    "transaction" : "/api/v2/berry-flavor/sour",
    "sampleCount" : 297,
    "errorCount" : 0,
    "errorPct" : 0.0,
    "meanResTime" : 969.1010101010095,
    "medianResTime" : 989.0,
    "minResTime" : 30.0,
    "maxResTime" : 3231.0,
    "pct1ResTime" : 1220.2,
    "pct2ResTime" : 1265.3,
    "pct3ResTime" : 2849.9399999999946,
    "throughput" : 0.9952516110007137,
    "receivedKBytesPerSec" : 3.934102044077583,
    "sentKBytesPerSec" : 0.13509763079013595
  },
  "/api/v2/item-pocket/pokeballs" : {
    "transaction" : "/api/v2/item-pocket/pokeballs",
    "sampleCount" : 290,
    "errorCount" : 0,
    "errorPct" : 0.0,
    "meanResTime" : 957.6448275862069,
    "medianResTime" : 966.0,
    "minResTime" : 37.0,
    "maxResTime" : 3639.0,
    "pct1ResTime" : 1182.0000000000005,
    "pct2ResTime" : 1250.05,
    "pct3ResTime" : 3253.2699999999973,
    "throughput" : 0.9761614638382669,
    "receivedKBytesPerSec" : 1.763027284975192,
    "sentKBytesPerSec" : 0.13631942317272672
  },
  "/api/v2/location-area/fuego-ironworks-area" : {
    "transaction" : "/api/v2/location-area/fuego-ironworks-area",
    "sampleCount" : 287,
    "errorCount" : 0,
    "errorPct" : 0.0,
    "meanResTime" : 1326.2543554006968,
    "medianResTime" : 1241.0,
    "minResTime" : 82.0,
    "maxResTime" : 11146.0,
    "pct1ResTime" : 1908.8,
    "pct2ResTime" : 2238.7999999999975,
    "pct3ResTime" : 4141.680000000033,
    "throughput" : 0.967476605269545,
    "receivedKBytesPerSec" : 28.66740355467591,
    "sentKBytesPerSec" : 0.14738901408403224
  },
  "/api/v2/location/spring-path" : {
    "transaction" : "/api/v2/location/spring-path",
    "sampleCount" : 288,
    "errorCount" : 0,
    "errorPct" : 0.0,
    "meanResTime" : 947.4479166666662,
    "medianResTime" : 963.5,
    "minResTime" : 38.0,
    "maxResTime" : 3428.0,
    "pct1ResTime" : 1162.1,
    "pct2ResTime" : 1243.0,
    "pct3ResTime" : 3295.8200000000006,
    "throughput" : 0.9715189766666779,
    "receivedKBytesPerSec" : 1.4537140677128488,
    "sentKBytesPerSec" : 0.13472235809244948
  },
  "/api/v2/encounter-condition-value/slot2-ruby" : {
    "transaction" : "/api/v2/encounter-condition-value/slot2-ruby",
    "sampleCount" : 281,
    "errorCount" : 0,
    "errorPct" : 0.0,
    "meanResTime" : 976.5302491103207,
    "medianResTime" : 980.0,
    "minResTime" : 101.0,
    "maxResTime" : 4267.0,
    "pct1ResTime" : 1152.6,
    "pct2ResTime" : 1227.8,
    "pct3ResTime" : 2893.840000000001,
    "throughput" : 0.959113110495974,
    "receivedKBytesPerSec" : 1.4251734712641522,
    "sentKBytesPerSec" : 0.1479881557210585
  },
  "/api/v2/pal-park-area/forest" : {
    "transaction" : "/api/v2/pal-park-area/forest",
    "sampleCount" : 287,
    "errorCount" : 0,
    "errorPct" : 0.0,
    "meanResTime" : 1128.515679442508,
    "medianResTime" : 1080.0,
    "minResTime" : 53.0,
    "maxResTime" : 3807.0,
    "pct1ResTime" : 1401.2,
    "pct2ResTime" : 2087.1999999999975,
    "pct3ResTime" : 3286.6400000000003,
    "throughput" : 0.9623703147319782,
    "receivedKBytesPerSec" : 11.817813679909598,
    "sentKBytesPerSec" : 0.13345369598822354
  },
  "/api/v2/region/alola" : {
    "transaction" : "/api/v2/region/alola",
    "sampleCount" : 283,
    "errorCount" : 0,
    "errorPct" : 0.0,
    "meanResTime" : 1148.1166077738505,
    "medianResTime" : 1069.0,
    "minResTime" : 226.0,
    "maxResTime" : 5036.0,
    "pct1ResTime" : 1396.9999999999998,
    "pct2ResTime" : 2550.200000000002,
    "pct3ResTime" : 3844.440000000007,
    "throughput" : 0.9633321078931961,
    "receivedKBytesPerSec" : 9.020065811028621,
    "sentKBytesPerSec" : 0.12606103755633621
  },
  "/api/v2/encounter-condition/swarm" : {
    "transaction" : "/api/v2/encounter-condition/swarm",
    "sampleCount" : 282,
    "errorCount" : 0,
    "errorPct" : 0.0,
    "meanResTime" : 996.081560283688,
    "medianResTime" : 976.0,
    "minResTime" : 23.0,
    "maxResTime" : 3572.0,
    "pct1ResTime" : 1173.7,
    "pct2ResTime" : 1258.0499999999988,
    "pct3ResTime" : 3422.2300000000005,
    "throughput" : 0.9561266698311521,
    "receivedKBytesPerSec" : 1.4727737262239777,
    "sentKBytesPerSec" : 0.1372564652980267
  },
  "/api/v2/item-category/training" : {
    "transaction" : "/api/v2/item-category/training",
    "sampleCount" : 290,
    "errorCount" : 0,
    "errorPct" : 0.0,
    "meanResTime" : 998.9758620689653,
    "medianResTime" : 972.5,
    "minResTime" : 26.0,
    "maxResTime" : 4630.0,
    "pct1ResTime" : 1202.0,
    "pct2ResTime" : 1291.9999999999998,
    "pct3ResTime" : 3460.6899999999814,
    "throughput" : 0.9794815502828675,
    "receivedKBytesPerSec" : 1.767117178924259,
    "sentKBytesPerSec" : 0.13773959300852825
  },
  "/api/v2/contest-type/tough" : {
    "transaction" : "/api/v2/contest-type/tough",
    "sampleCount" : 296,
    "errorCount" : 0,
    "errorPct" : 0.0,
    "meanResTime" : 987.2162162162159,
    "medianResTime" : 957.5,
    "minResTime" : 22.0,
    "maxResTime" : 4750.0,
    "pct1ResTime" : 1185.6,
    "pct2ResTime" : 1338.1999999999994,
    "pct3ResTime" : 3677.419999999994,
    "throughput" : 0.9947640460011157,
    "receivedKBytesPerSec" : 1.710617131786072,
    "sentKBytesPerSec" : 0.13600289691421505
  },
  "/api/v2/berry-flavor/dry" : {
    "transaction" : "/api/v2/berry-flavor/dry",
    "sampleCount" : 299,
    "errorCount" : 0,
    "errorPct" : 0.0,
    "meanResTime" : 1020.0635451505024,
    "medianResTime" : 988.0,
    "minResTime" : 31.0,
    "maxResTime" : 4605.0,
    "pct1ResTime" : 1230.0,
    "pct2ResTime" : 1413.0,
    "pct3ResTime" : 4438.0,
    "throughput" : 0.994581361079603,
    "receivedKBytesPerSec" : 4.084752692479767,
    "sentKBytesPerSec" : 0.13403537873924337
  },
  "/api/v2/pal-park-area/mountain" : {
    "transaction" : "/api/v2/pal-park-area/mountain",
    "sampleCount" : 284,
    "errorCount" : 0,
    "errorPct" : 0.0,
    "meanResTime" : 1166.757042253522,
    "medianResTime" : 1126.0,
    "minResTime" : 148.0,
    "maxResTime" : 4873.0,
    "pct1ResTime" : 1451.0,
    "pct2ResTime" : 2115.75,
    "pct3ResTime" : 3725.149999999991,
    "throughput" : 0.9595242921819043,
    "receivedKBytesPerSec" : 17.091562748116427,
    "sentKBytesPerSec" : 0.13493310358808028
  },
  "/api/v2/region/hisui" : {
    "transaction" : "/api/v2/region/hisui",
    "sampleCount" : 284,
    "errorCount" : 0,
    "errorPct" : 0.0,
    "meanResTime" : 994.9190140845068,
    "medianResTime" : 983.5,
    "minResTime" : 48.0,
    "maxResTime" : 4262.0,
    "pct1ResTime" : 1193.5,
    "pct2ResTime" : 1276.5,
    "pct3ResTime" : 3154.3999999999996,
    "throughput" : 0.9636657301464501,
    "receivedKBytesPerSec" : 1.9489464730767403,
    "sentKBytesPerSec" : 0.1261046951558831
  },
  "/api/v2/item-category/plates" : {
    "transaction" : "/api/v2/item-category/plates",
    "sampleCount" : 288,
    "errorCount" : 0,
    "errorPct" : 0.0,
    "meanResTime" : 1015.444444444445,
    "medianResTime" : 998.5,
    "minResTime" : 30.0,
    "maxResTime" : 6638.0,
    "pct1ResTime" : 1221.0,
    "pct2ResTime" : 1357.0500000000002,
    "pct3ResTime" : 3700.8600000000115,
    "throughput" : 0.9706512800463756,
    "receivedKBytesPerSec" : 2.44784737330136,
    "sentKBytesPerSec" : 0.13460203297518097
  },
  "/api/v2/item/premier-ball" : {
    "transaction" : "/api/v2/item/premier-ball",
    "sampleCount" : 294,
    "errorCount" : 0,
    "errorPct" : 0.0,
    "meanResTime" : 1161.4251700680277,
    "medianResTime" : 1127.0,
    "minResTime" : 59.0,
    "maxResTime" : 4754.0,
    "pct1ResTime" : 1439.5,
    "pct2ResTime" : 2054.0,
    "pct3ResTime" : 3627.400000000007,
    "throughput" : 0.9831099043306996,
    "receivedKBytesPerSec" : 18.156360401319507,
    "sentKBytesPerSec" : 0.13344948896676487
  },
  "/api/v2/encounter-condition/starter" : {
    "transaction" : "/api/v2/encounter-condition/starter",
    "sampleCount" : 282,
    "errorCount" : 0,
    "errorPct" : 0.0,
    "meanResTime" : 986.1134751773046,
    "medianResTime" : 972.0,
    "minResTime" : 26.0,
    "maxResTime" : 3666.0,
    "pct1ResTime" : 1211.0,
    "pct2ResTime" : 1306.4499999999994,
    "pct3ResTime" : 3212.520000000001,
    "throughput" : 0.9636841439785119,
    "receivedKBytesPerSec" : 1.694917132134082,
    "sentKBytesPerSec" : 0.1402235717312483
  },
  "/api/v2/location-area/eterna-forest-area" : {
    "transaction" : "/api/v2/location-area/eterna-forest-area",
    "sampleCount" : 287,
    "errorCount" : 0,
    "errorPct" : 0.0,
    "meanResTime" : 1287.2752613240418,
    "medianResTime" : 1231.0,
    "minResTime" : 69.0,
    "maxResTime" : 10752.0,
    "pct1ResTime" : 1618.599999999999,
    "pct2ResTime" : 2294.599999999995,
    "pct3ResTime" : 3934.0400000000022,
    "throughput" : 0.9650497320053532,
    "receivedKBytesPerSec" : 28.573790419863883,
    "sentKBytesPerSec" : 0.14513443235236756
  },
  "/api/v2/encounter-condition-value/swarm-yes" : {
    "transaction" : "/api/v2/encounter-condition-value/swarm-yes",
    "sampleCount" : 282,
    "errorCount" : 0,
    "errorPct" : 0.0,
    "meanResTime" : 957.5673758865245,
    "medianResTime" : 961.0,
    "minResTime" : 24.0,
    "maxResTime" : 3876.0,
    "pct1ResTime" : 1145.4,
    "pct2ResTime" : 1238.0499999999995,
    "pct3ResTime" : 3187.4300000000044,
    "throughput" : 0.952647989811396,
    "receivedKBytesPerSec" : 1.4229117067178574,
    "sentKBytesPerSec" : 0.14606028750038005
  },
  "/api/v2/pal-park-area/field" : {
    "transaction" : "/api/v2/pal-park-area/field",
    "sampleCount" : 285,
    "errorCount" : 0,
    "errorPct" : 0.0,
    "meanResTime" : 1187.4701754385958,
    "medianResTime" : 1169.0,
    "minResTime" : 133.0,
    "maxResTime" : 6168.0,
    "pct1ResTime" : 1494.4000000000008,
    "pct2ResTime" : 1925.8999999999996,
    "pct3ResTime" : 3537.7199999999684,
    "throughput" : 0.9719896457524052,
    "receivedKBytesPerSec" : 19.86748967474157,
    "sentKBytesPerSec" : 0.13383841801864174
  },
  "/api/v2/location/sunyshore-city" : {
    "transaction" : "/api/v2/location/sunyshore-city",
    "sampleCount" : 288,
    "errorCount" : 0,
    "errorPct" : 0.0,
    "meanResTime" : 946.9999999999994,
    "medianResTime" : 963.0,
    "minResTime" : 67.0,
    "maxResTime" : 4253.0,
    "pct1ResTime" : 1184.0,
    "pct2ResTime" : 1236.95,
    "pct3ResTime" : 2776.1800000000057,
    "throughput" : 0.9742368478025547,
    "receivedKBytesPerSec" : 1.5335231664558076,
    "sentKBytesPerSec" : 0.13795345989391644
  },
  "/api/v2/item-attribute/consumable" : {
    "transaction" : "/api/v2/item-attribute/consumable",
    "sampleCount" : 292,
    "errorCount" : 0,
    "errorPct" : 0.0,
    "meanResTime" : 1069.0034246575347,
    "medianResTime" : 1014.0,
    "minResTime" : 43.0,
    "maxResTime" : 4467.0,
    "pct1ResTime" : 1301.8,
    "pct2ResTime" : 2276.5999999999967,
    "pct3ResTime" : 3394.1699999999964,
    "throughput" : 0.9752089852816919,
    "receivedKBytesPerSec" : 5.51522676009358,
    "sentKBytesPerSec" : 0.13999582112930536
  },
  "/api/v2/item-pocket/key" : {
    "transaction" : "/api/v2/item-pocket/key",
    "sampleCount" : 290,
    "errorCount" : 0,
    "errorPct" : 0.0,
    "meanResTime" : 984.2965517241381,
    "medianResTime" : 974.0,
    "minResTime" : 55.0,
    "maxResTime" : 3714.0,
    "pct1ResTime" : 1196.8000000000002,
    "pct2ResTime" : 1274.4499999999996,
    "pct3ResTime" : 3037.7199999999875,
    "throughput" : 0.9762271848974289,
    "receivedKBytesPerSec" : 2.0467568112885526,
    "sentKBytesPerSec" : 0.13060851985444116
  },
  "/api/v2/item-pocket/machines" : {
    "transaction" : "/api/v2/item-pocket/machines",
    "sampleCount" : 289,
    "errorCount" : 0,
    "errorPct" : 0.0,
    "meanResTime" : 945.8927335640136,
    "medianResTime" : 967.0,
    "minResTime" : 31.0,
    "maxResTime" : 4824.0,
    "pct1ResTime" : 1150.0,
    "pct2ResTime" : 1203.5,
    "pct3ResTime" : 3125.300000000003,
    "throughput" : 0.9766945142888042,
    "receivedKBytesPerSec" : 1.6491951036005894,
    "sentKBytesPerSec" : 0.13544005959864275
  },
  "/api/v2/berry-firmness/very-soft" : {
    "transaction" : "/api/v2/berry-firmness/very-soft",
    "sampleCount" : 300,
    "errorCount" : 0,
    "errorPct" : 0.0,
    "meanResTime" : 995.6400000000003,
    "medianResTime" : 975.0,
    "minResTime" : 23.0,
    "maxResTime" : 4063.0,
    "pct1ResTime" : 1180.9,
    "pct2ResTime" : 1638.3999999999971,
    "pct3ResTime" : 3404.330000000001,
    "throughput" : 0.9975957941361319,
    "receivedKBytesPerSec" : 2.168342004103444,
    "sentKBytesPerSec" : 0.14223533783581568
  },
  "/api/v2/berry-firmness/hard" : {
    "transaction" : "/api/v2/berry-firmness/hard",
    "sampleCount" : 299,
    "errorCount" : 0,
    "errorPct" : 0.0,
    "meanResTime" : 963.026755852843,
    "medianResTime" : 957.0,
    "minResTime" : 26.0,
    "maxResTime" : 6783.0,
    "pct1ResTime" : 1185.0,
    "pct2ResTime" : 1253.0,
    "pct3ResTime" : 3590.0,
    "throughput" : 1.0010747324050233,
    "receivedKBytesPerSec" : 2.562903155436104,
    "sentKBytesPerSec" : 0.1378432981143636
  },
  "/api/v2/berry/iapapa" : {
    "transaction" : "/api/v2/berry/iapapa",
    "sampleCount" : 301,
    "errorCount" : 0,
    "errorPct" : 0.0,
    "meanResTime" : 1053.8837209302321,
    "medianResTime" : 991.0,
    "minResTime" : 42.0,
    "maxResTime" : 5686.0,
    "pct1ResTime" : 1240.8,
    "pct2ResTime" : 2279.199999999999,
    "pct3ResTime" : 4061.4600000000105,
    "throughput" : 0.9994388532684306,
    "receivedKBytesPerSec" : 1.8743791121015112,
    "sentKBytesPerSec" : 0.13078594368942356
  },
  "/api/v2/contest-type/smart" : {
    "transaction" : "/api/v2/contest-type/smart",
    "sampleCount" : 296,
    "errorCount" : 0,
    "errorPct" : 0.0,
    "meanResTime" : 947.3851351351351,
    "medianResTime" : 953.0,
    "minResTime" : 21.0,
    "maxResTime" : 3409.0,
    "pct1ResTime" : 1197.5,
    "pct2ResTime" : 1272.15,
    "pct3ResTime" : 3269.0499999999993,
    "throughput" : 0.9942461363796676,
    "receivedKBytesPerSec" : 1.7088244645430328,
    "sentKBytesPerSec" : 0.13593208895815767
  },
  "/api/v2/berry/lum" : {
    "transaction" : "/api/v2/berry/lum",
    "sampleCount" : 300,
    "errorCount" : 0,
    "errorPct" : 0.0,
    "meanResTime" : 1004.3366666666661,
    "medianResTime" : 978.0,
    "minResTime" : 30.0,
    "maxResTime" : 5848.0,
    "pct1ResTime" : 1226.4,
    "pct2ResTime" : 1325.6499999999996,
    "pct3ResTime" : 3283.79,
    "throughput" : 1.0042715014528463,
    "receivedKBytesPerSec" : 1.890256688657423,
    "sentKBytesPerSec" : 0.1284761393460184
  },
  "/api/v2/item-fling-effect/flinch" : {
    "transaction" : "/api/v2/item-fling-effect/flinch",
    "sampleCount" : 291,
    "errorCount" : 0,
    "errorPct" : 0.0,
    "meanResTime" : 955.6357388316154,
    "medianResTime" : 959.0,
    "minResTime" : 27.0,
    "maxResTime" : 3225.0,
    "pct1ResTime" : 1163.6,
    "pct2ResTime" : 1249.8,
    "pct3ResTime" : 3055.3599999999997,
    "throughput" : 0.981344340577071,
    "receivedKBytesPerSec" : 1.3645864685345934,
    "sentKBytesPerSec" : 0.1399182360588402
  },
  "/api/v2/item/ultra-ball" : {
    "transaction" : "/api/v2/item/ultra-ball",
    "sampleCount" : 295,
    "errorCount" : 0,
    "errorPct" : 0.0,
    "meanResTime" : 1206.962711864407,
    "medianResTime" : 1147.0,
    "minResTime" : 90.0,
    "maxResTime" : 6682.0,
    "pct1ResTime" : 1677.0000000000005,
    "pct2ResTime" : 2301.3999999999996,
    "pct3ResTime" : 4168.360000000022,
    "throughput" : 0.9805322794550234,
    "receivedKBytesPerSec" : 18.661608624487712,
    "sentKBytesPerSec" : 0.1311844944192756
  },
  "/api/v2/location-area/pastoria-city-area" : {
    "transaction" : "/api/v2/location-area/pastoria-city-area",
    "sampleCount" : 287,
    "errorCount" : 0,
    "errorPct" : 0.0,
    "meanResTime" : 1213.2822299651564,
    "medianResTime" : 1127.0,
    "minResTime" : 74.0,
    "maxResTime" : 4209.0,
    "pct1ResTime" : 1792.4,
    "pct2ResTime" : 2559.399999999994,
    "pct3ResTime" : 3524.560000000001,
    "throughput" : 0.9658811730576365,
    "receivedKBytesPerSec" : 14.774348981996582,
    "sentKBytesPerSec" : 0.14525947329187114
  },
  "/api/v2/item-category/choice" : {
    "transaction" : "/api/v2/item-category/choice",
    "sampleCount" : 290,
    "errorCount" : 0,
    "errorPct" : 0.0,
    "meanResTime" : 977.6172413793104,
    "medianResTime" : 976.5,
    "minResTime" : 115.0,
    "maxResTime" : 4251.0,
    "pct1ResTime" : 1191.4,
    "pct2ResTime" : 1245.45,
    "pct3ResTime" : 3396.609999999992,
    "throughput" : 0.9717814765046696,
    "receivedKBytesPerSec" : 1.436224693888835,
    "sentKBytesPerSec" : 0.13475875943717097
  },
  "/api/v2/berry/rawst" : {
    "transaction" : "/api/v2/berry/rawst",
    "sampleCount" : 300,
    "errorCount" : 0,
    "errorPct" : 0.0,
    "meanResTime" : 1036.6799999999996,
    "medianResTime" : 986.5,
    "minResTime" : 27.0,
    "maxResTime" : 4028.0,
    "pct1ResTime" : 1254.5000000000005,
    "pct2ResTime" : 2152.649999999999,
    "pct3ResTime" : 3475.3700000000017,
    "throughput" : 1.0023153484549308,
    "receivedKBytesPerSec" : 1.8782188939784235,
    "sentKBytesPerSec" : 0.13018353646924394
  },
  "/api/v2/encounter-condition/radar" : {
    "transaction" : "/api/v2/encounter-condition/radar",
    "sampleCount" : 284,
    "errorCount" : 0,
    "errorPct" : 0.0,
    "meanResTime" : 985.6549295774648,
    "medianResTime" : 967.0,
    "minResTime" : 61.0,
    "maxResTime" : 4028.0,
    "pct1ResTime" : 1199.0,
    "pct2ResTime" : 1287.0,
    "pct3ResTime" : 3270.9999999999995,
    "throughput" : 0.9684107152599706,
    "receivedKBytesPerSec" : 1.5033982286438157,
    "sentKBytesPerSec" : 0.13901989760079655
  },
  "/api/v2/encounter-condition-value/time-night" : {
    "transaction" : "/api/v2/encounter-condition-value/time-night",
    "sampleCount" : 282,
    "errorCount" : 0,
    "errorPct" : 0.0,
    "meanResTime" : 981.7482269503544,
    "medianResTime" : 985.5,
    "minResTime" : 77.0,
    "maxResTime" : 3513.0,
    "pct1ResTime" : 1171.7,
    "pct2ResTime" : 1254.4999999999995,
    "pct3ResTime" : 3376.050000000001,
    "throughput" : 0.9602124725471168,
    "receivedKBytesPerSec" : 1.4049152631646151,
    "sentKBytesPerSec" : 0.1481577838500434
  },
  "/api/v2/item/ice-heal" : {
    "transaction" : "/api/v2/item/ice-heal",
    "sampleCount" : 294,
    "errorCount" : 0,
    "errorPct" : 0.0,
    "meanResTime" : 1163.3707482993195,
    "medianResTime" : 1122.0,
    "minResTime" : 98.0,
    "maxResTime" : 5514.0,
    "pct1ResTime" : 1467.0,
    "pct2ResTime" : 2090.0,
    "pct3ResTime" : 4445.150000000009,
    "throughput" : 0.9885243751954352,
    "receivedKBytesPerSec" : 17.394349487287037,
    "sentKBytesPerSec" : 0.13032303774549195
  },
  "/api/v2/encounter-method/headbutt" : {
    "transaction" : "/api/v2/encounter-method/headbutt",
    "sampleCount" : 283,
    "errorCount" : 0,
    "errorPct" : 0.0,
    "meanResTime" : 989.7915194346288,
    "medianResTime" : 974.0,
    "minResTime" : 30.0,
    "maxResTime" : 3643.0,
    "pct1ResTime" : 1201.0,
    "pct2ResTime" : 1282.2,
    "pct3ResTime" : 3615.2000000000007,
    "throughput" : 0.9627618678260633,
    "receivedKBytesPerSec" : 1.3934984019173589,
    "sentKBytesPerSec" : 0.1382089790726868
  },
  "/api/v2/item-fling-effect/burn" : {
    "transaction" : "/api/v2/item-fling-effect/burn",
    "sampleCount" : 288,
    "errorCount" : 0,
    "errorPct" : 0.0,
    "meanResTime" : 938.2673611111111,
    "medianResTime" : 953.5,
    "minResTime" : 25.0,
    "maxResTime" : 3304.0,
    "pct1ResTime" : 1158.5,
    "pct2ResTime" : 1232.55,
    "pct3ResTime" : 2701.4300000000017,
    "throughput" : 0.9687184661957619,
    "receivedKBytesPerSec" : 1.245039995375042,
    "sentKBytesPerSec" : 0.136226034308779
  },
  "/api/v2/item-pocket/medicine" : {
    "transaction" : "/api/v2/item-pocket/medicine",
    "sampleCount" : 288,
    "errorCount" : 0,
    "errorPct" : 0.0,
    "meanResTime" : 947.0972222222223,
    "medianResTime" : 964.5,
    "minResTime" : 23.0,
    "maxResTime" : 3953.0,
    "pct1ResTime" : 1176.1,
    "pct2ResTime" : 1243.2500000000002,
    "pct3ResTime" : 3065.2100000000014,
    "throughput" : 0.9661511624006173,
    "receivedKBytesPerSec" : 1.9571742175181994,
    "sentKBytesPerSec" : 0.1339779932235231
  },
  "/api/v2/pal-park-area/pond" : {
    "transaction" : "/api/v2/pal-park-area/pond",
    "sampleCount" : 286,
    "errorCount" : 0,
    "errorPct" : 0.0,
    "meanResTime" : 1064.8776223776224,
    "medianResTime" : 1023.0,
    "minResTime" : 35.0,
    "maxResTime" : 5445.0,
    "pct1ResTime" : 1276.2,
    "pct2ResTime" : 1782.8999999999985,
    "pct3ResTime" : 3909.2099999999973,
    "throughput" : 0.9676840883637681,
    "receivedKBytesPerSec" : 6.344069530301031,
    "sentKBytesPerSec" : 0.13230055895598392
  },
  "/api/v2/item/antidote" : {
    "transaction" : "/api/v2/item/antidote",
    "sampleCount" : 294,
    "errorCount" : 0,
    "errorPct" : 0.0,
    "meanResTime" : 1212.401360544218,
    "medianResTime" : 1114.0,
    "minResTime" : 76.0,
    "maxResTime" : 10464.0,
    "pct1ResTime" : 1596.5,
    "pct2ResTime" : 2134.25,
    "pct3ResTime" : 4256.400000000003,
    "throughput" : 0.9847563732829566,
    "receivedKBytesPerSec" : 17.442378197108702,
    "sentKBytesPerSec" : 0.12982627968085855
  },
  "/api/v2/contest-effect/9" : {
    "transaction" : "/api/v2/contest-effect/9",
    "sampleCount" : 295,
    "errorCount" : 0,
    "errorPct" : 0.0,
    "meanResTime" : 954.5084745762707,
    "medianResTime" : 958.0,
    "minResTime" : 24.0,
    "maxResTime" : 5691.0,
    "pct1ResTime" : 1174.4000000000003,
    "pct2ResTime" : 1249.2,
    "pct3ResTime" : 3466.8800000000047,
    "throughput" : 0.9939754976616305,
    "receivedKBytesPerSec" : 1.411453103730609,
    "sentKBytesPerSec" : 0.13395372917705567
  },
  "/api/v2/encounter-condition-value/item-claw-fossil" : {
    "transaction" : "/api/v2/encounter-condition-value/item-claw-fossil",
    "sampleCount" : 282,
    "errorCount" : 0,
    "errorPct" : 0.0,
    "meanResTime" : 991.3687943262411,
    "medianResTime" : 957.5,
    "minResTime" : 31.0,
    "maxResTime" : 4904.0,
    "pct1ResTime" : 1194.0,
    "pct2ResTime" : 1346.6999999999994,
    "pct3ResTime" : 3478.5100000000098,
    "throughput" : 0.9604021428547103,
    "receivedKBytesPerSec" : 1.4021296576949667,
    "sentKBytesPerSec" : 0.15381440569157467
  },
  "/api/v2/contest-effect/7" : {
    "transaction" : "/api/v2/contest-effect/7",
    "sampleCount" : 296,
    "errorCount" : 0,
    "errorPct" : 0.0,
    "meanResTime" : 964.2195945945946,
    "medianResTime" : 958.0,
    "minResTime" : 28.0,
    "maxResTime" : 4177.0,
    "pct1ResTime" : 1186.3,
    "pct2ResTime" : 1230.7499999999995,
    "pct3ResTime" : 3285.5899999999956,
    "throughput" : 0.990559565760104,
    "receivedKBytesPerSec" : 1.4177527579219666,
    "sentKBytesPerSec" : 0.13349337897938898
  },
  "Total" : {
    "transaction" : "Total",
    "sampleCount" : 26179,
    "errorCount" : 297,
    "errorPct" : 1.1344972,
    "meanResTime" : 1024.2523014630037,
    "medianResTime" : 1031.0,
    "minResTime" : 21.0,
    "maxResTime" : 11146.0,
    "pct1ResTime" : 1278.0,
    "pct2ResTime" : 1591.9500000000007,
    "pct3ResTime" : 3336.9600000000064,
    "throughput" : 86.77249027998289,
    "receivedKBytesPerSec" : 463.15736483955754,
    "sentKBytesPerSec" : 12.155906060136495
  },
  "/api/v2/pal-park-area/sea" : {
    "transaction" : "/api/v2/pal-park-area/sea",
    "sampleCount" : 286,
    "errorCount" : 0,
    "errorPct" : 0.0,
    "meanResTime" : 1099.709790209791,
    "medianResTime" : 1028.0,
    "minResTime" : 82.0,
    "maxResTime" : 6493.0,
    "pct1ResTime" : 1302.3,
    "pct2ResTime" : 1989.0499999999993,
    "pct3ResTime" : 3665.8599999999915,
    "throughput" : 0.9685820433017133,
    "receivedKBytesPerSec" : 7.562863509306516,
    "sentKBytesPerSec" : 0.13147744533099429
  },
  "/api/v2/encounter-condition/weekday" : {
    "transaction" : "/api/v2/encounter-condition/weekday",
    "sampleCount" : 282,
    "errorCount" : 0,
    "errorPct" : 0.0,
    "meanResTime" : 977.9326241134747,
    "medianResTime" : 965.0,
    "minResTime" : 95.0,
    "maxResTime" : 3591.0,
    "pct1ResTime" : 1203.2,
    "pct2ResTime" : 1290.2499999999998,
    "pct3ResTime" : 3364.310000000002,
    "throughput" : 0.9597582226094532,
    "receivedKBytesPerSec" : 1.6738668918298027,
    "sentKBytesPerSec" : 0.13965231950078957
  },
  "/api/v2/contest-type/cool" : {
    "transaction" : "/api/v2/contest-type/cool",
    "sampleCount" : 298,
    "errorCount" : 0,
    "errorPct" : 0.0,
    "meanResTime" : 952.0637583892623,
    "medianResTime" : 963.0,
    "minResTime" : 24.0,
    "maxResTime" : 3667.0,
    "pct1ResTime" : 1158.2,
    "pct2ResTime" : 1257.3500000000001,
    "pct3ResTime" : 2957.6599999999958,
    "throughput" : 0.9934492357441702,
    "receivedKBytesPerSec" : 1.7022493770106515,
    "sentKBytesPerSec" : 0.13485297243011685
  },
  "/api/v2/berry-flavor/bitter" : {
    "transaction" : "/api/v2/berry-flavor/bitter",
    "sampleCount" : 298,
    "errorCount" : 0,
    "errorPct" : 0.0,
    "meanResTime" : 1017.4026845637583,
    "medianResTime" : 997.0,
    "minResTime" : 26.0,
    "maxResTime" : 5452.0,
    "pct1ResTime" : 1200.4,
    "pct2ResTime" : 1327.7500000000007,
    "pct3ResTime" : 3871.2299999999996,
    "throughput" : 0.9979772541560059,
    "receivedKBytesPerSec" : 3.9409099823679523,
    "sentKBytesPerSec" : 0.13741678987890316
  }
}