timeStamp,elapsed,label,responseCode,responseMessage,threadName,dataType,success,failureMessage,bytes,sentBytes,grpThreads,allThreads,URL,Latency,IdleTime,Connect
1687532869887,22,/api/v2/super-contest-effect/3,404,Not Found,Poke Api - run 1-2,text,false,,992,144,2,2,https://pokeapi.co/api/v2/super-contest-effect/3,22,0,0
1687532874002,20,/api/v2/super-contest-effect/3,404,Not Found,Poke Api - run 1-1,text,false,,997,144,6,6,https://pokeapi.co/api/v2/super-contest-effect/3,20,0,0
1687532877978,23,/api/v2/super-contest-effect/3,404,Not Found,Poke Api - run 1-1,text,false,,993,144,10,10,https://pokeapi.co/api/v2/super-contest-effect/3,23,0,0
1687532882231,18,/api/v2/super-contest-effect/3,404,Not Found,Poke Api - run 1-7,text,false,,985,144,10,10,https://pokeapi.co/api/v2/super-contest-effect/3,18,0,0
1687532884247,19,/api/v2/super-contest-effect/3,404,Not Found,Poke Api - run 1-5,text,false,,994,144,10,10,https://pokeapi.co/api/v2/super-contest-effect/3,19,0,0
1687532894196,22,/api/v2/super-contest-effect/3,404,Not Found,Poke Api - run 1-7,text,false,,997,144,10,10,https://pokeapi.co/api/v2/super-contest-effect/3,22,0,0
1687532897958,21,/api/v2/super-contest-effect/3,404,Not Found,Poke Api - run 1-8,text,false,,993,144,10,10,https://pokeapi.co/api/v2/super-contest-effect/3,21,0,0
1687532904253,23,/api/v2/super-contest-effect/3,404,Not Found,Poke Api - run 1-7,text,false,,989,144,10,10,https://pokeapi.co/api/v2/super-contest-effect/3,23,0,0
1687532907654,19,/api/v2/super-contest-effect/3,404,Not Found,Poke Api - run 1-8,text,false,,987,144,10,10,https://pokeapi.co/api/v2/super-contest-effect/3,19,0,0
1687532913883,21,/api/v2/super-contest-effect/3,404,Not Found,Poke Api - run 1-6,text,false,,995,144,10,10,https://pokeapi.co/api/v2/super-contest-effect/3,21,0,0
1687532919116,25,/api/v2/super-contest-effect/3,404,Not Found,Poke Api - run 1-9,text,false,,993,144,10,10,https://pokeapi.co/api/v2/super-contest-effect/3,25,0,0
1687532924092,21,/api/v2/super-contest-effect/3,404,Not Found,Poke Api - run 1-6,text,false,,993,144,10,10,https://pokeapi.co/api/v2/super-contest-effect/3,21,0,0
1687532929286,21,/api/v2/super-contest-effect/3,404,Not Found,Poke Api - run 1-9,text,false,,995,144,10,10,https://pokeapi.co/api/v2/super-contest-effect/3,21,0,0
1687532934295,22,/api/v2/super-contest-effect/3,404,Not Found,Poke Api - run 1-6,text,false,,991,144,10,10,https://pokeapi.co/api/v2/super-contest-effect/3,21,0,0
1687532939304,25,/api/v2/super-contest-effect/3,404,Not Found,Poke Api - run 1-9,text,false,,987,144,10,10,https://pokeapi.co/api/v2/super-contest-effect/3,25,0,0
1687532944307,19,/api/v2/super-contest-effect/3,404,Not Found,Poke Api - run 1-6,text,false,,995,144,10,10,https://pokeapi.co/api/v2/super-contest-effect/3,19,0,0
1687532949766,23,/api/v2/super-contest-effect/3,404,Not Found,Poke Api - run 1-9,text,false,,997,144,10,10,https://pokeapi.co/api/v2/super-contest-effect/3,23,0,0
1687532954262,23,/api/v2/super-contest-effect/3,404,Not Found,Poke Api - run 1-6,text,false,,989,144,10,10,https://pokeapi.co/api/v2/super-contest-effect/3,23,0,0
1687532958557,26,/api/v2/super-contest-effect/3,404,Not Found,Poke Api - run 1-9,text,false,,991,144,10,10,https://pokeapi.co/api/v2/super-contest-effect/3,26,0,0
1687532964236,26,/api/v2/super-contest-effect/3,404,Not Found,Poke Api - run 1-6,text,false,,991,144,10,10,https://pokeapi.co/api/v2/super-contest-effect/3,26,0,0
1687532968989,19,/api/v2/super-contest-effect/3,404,Not Found,Poke Api - run 1-9,text,false,,995,144,10,10,https://pokeapi.co/api/v2/super-contest-effect/3,19,0,0
1687532974241,25,/api/v2/super-contest-effect/3,404,Not Found,Poke Api - run 1-6,text,false,,991,144,10,10,https://pokeapi.co/api/v2/super-contest-effect/3,25,0,0
1687532979321,29,/api/v2/super-contest-effect/3,404,Not Found,Poke Api - run 1-9,text,false,,991,144,10,10,https://pokeapi.co/api/v2/super-contest-effect/3,29,0,0
1687532984192,20,/api/v2/super-contest-effect/3,404,Not Found,Poke Api - run 1-6,text,false,,993,144,10,10,https://pokeapi.co/api/v2/super-contest-effect/3,20,0,0
1687532989256,21,/api/v2/super-contest-effect/3,404,Not Found,Poke Api - run 1-9,text,false,,995,144,10,10,https://pokeapi.co/api/v2/super-contest-effect/3,21,0,0
1687532994329,206,/api/v2/super-contest-effect/3,404,Not Found,Poke Api - run 1-6,text,false,,986,144,10,10,https://pokeapi.co/api/v2/super-contest-effect/3,206,0,0
1687532999331,23,/api/v2/super-contest-effect/3,404,Not Found,Poke Api - run 1-9,text,false,,991,144,10,10,https://pokeapi.co/api/v2/super-contest-effect/3,23,0,0
1687533004199,21,/api/v2/super-contest-effect/3,404,Not Found,Poke Api - run 1-7,text,false,,993,144,10,10,https://pokeapi.co/api/v2/super-contest-effect/3,21,0,0
1687533008106,33,/api/v2/super-contest-effect/3,404,Not Found,Poke Api - run 1-8,text,false,,993,144,10,10,https://pokeapi.co/api/v2/super-contest-effect/3,33,0,0
1687533014266,22,/api/v2/super-contest-effect/3,404,Not Found,Poke Api - run 1-6,text,false,,989,144,10,10,https://pokeapi.co/api/v2/super-contest-effect/3,22,0,0
1687533019359,17,/api/v2/super-contest-effect/3,404,Not Found,Poke Api - run 1-8,text,false,,1003,144,10,10,https://pokeapi.co/api/v2/super-contest-effect/3,17,0,0
1687533024067,21,/api/v2/super-contest-effect/3,404,Not Found,Poke Api - run 1-6,text,false,,989,144,10,10,https://pokeapi.co/api/v2/super-contest-effect/3,21,0,0
1687533029277,35,/api/v2/super-contest-effect/3,404,Not Found,Poke Api - run 1-8,text,false,,993,144,10,10,https://pokeapi.co/api/v2/super-contest-effect/3,35,0,0
1687533034719,20,/api/v2/super-contest-effect/3,404,Not Found,Poke Api - run 1-6,text,false,,985,144,10,10,https://pokeapi.co/api/v2/super-contest-effect/3,20,0,0
1687533039595,38,/api/v2/super-contest-effect/3,404,Not Found,Poke Api - run 1-8,text,false,,991,144,10,10,https://pokeapi.co/api/v2/super-contest-effect/3,38,0,0
1687533043702,48,/api/v2/super-contest-effect/3,404,Not Found,Poke Api - run 1-6,text,false,,997,144,5,5,https://pokeapi.co/api/v2/super-contest-effect/3,48,0,0
