{
  "/api/v2/item-attribute/underground" : {
    "transaction" : "/api/v2/item-attribute/underground",
    "sampleCount" : 36,
    "errorCount" : 0,
    "errorPct" : 0.0,
    "meanResTime" : 75.72222222222223,
    "medianResTime" : 25.5,
    "minResTime" : 19.0,
    "maxResTime" : 815.0,
    "pct1ResTime" : 212.50000000000003,
    "pct2ResTime" : 307.54999999999916,
    "pct3ResTime" : 815.0,
    "throughput" : 0.2063817833679214,
    "receivedKBytesPerSec" : 0.9171963858823394,
    "sentKBytesPerSec" : 0.029828617127394888
  },
  "/api/v2/item-attribute/holdable" : {
    "transaction" : "/api/v2/item-attribute/holdable",
    "sampleCount" : 36,
    "errorCount" : 0,
    "errorPct" : 0.0,
    "meanResTime" : 69.11111111111113,
    "medianResTime" : 28.0,
    "minResTime" : 21.0,
    "maxResTime" : 818.0,
    "pct1ResTime" : 210.70000000000005,
    "pct2ResTime" : 319.8999999999992,
    "pct3ResTime" : 818.0,
    "throughput" : 0.20705719955137608,
    "receivedKBytesPerSec" : 2.584125974175366,
    "sentKBytesPerSec" : 0.02931962298334915
  },
  "/api/v2/region/johto" : {
    "transaction" : "/api/v2/region/johto",
    "sampleCount" : 36,
    "errorCount" : 0,
    "errorPct" : 0.0,
    "meanResTime" : 55.97222222222223,
    "medianResTime" : 26.0,
    "minResTime" : 21.0,
    "maxResTime" : 292.0,
    "pct1ResTime" : 208.5000000000001,
    "pct2ResTime" : 266.49999999999994,
    "pct3ResTime" : 292.0,
    "throughput" : 0.21265158809387388,
    "receivedKBytesPerSec" : 1.5007904289064393,
    "sentKBytesPerSec" : 0.027827453910721774
  },
  "/api/v2/region/paldea" : {
    "transaction" : "/api/v2/region/paldea",
    "sampleCount" : 36,
    "errorCount" : 0,
    "errorPct" : 0.0,
    "meanResTime" : 66.25000000000001,
    "medianResTime" : 24.5,
    "minResTime" : 20.0,
    "maxResTime" : 434.0,
    "pct1ResTime" : 218.00000000000017,
    "pct2ResTime" : 330.29999999999984,
    "pct3ResTime" : 434.0,
    "throughput" : 0.21227917069603983,
    "receivedKBytesPerSec" : 1.3661728626878082,
    "sentKBytesPerSec" : 0.027986023480434937
  },
  "/api/v2/item/poke-ball" : {
    "transaction" : "/api/v2/item/poke-ball",
    "sampleCount" : 36,
    "errorCount" : 0,
    "errorPct" : 0.0,
    "meanResTime" : 47.44444444444445,
    "medianResTime" : 31.0,
    "minResTime" : 23.0,
    "maxResTime" : 387.0,
    "pct1ResTime" : 53.600000000000094,
    "pct2ResTime" : 246.74999999999977,
    "pct3ResTime" : 387.0,
    "throughput" : 0.20705243602942444,
    "receivedKBytesPerSec" : 4.015364791524078,
    "sentKBytesPerSec" : 0.027499151660157935
  },
  "/api/v2/super-contest-effect/3" : {
    "transaction" : "/api/v2/super-contest-effect/3",
    "sampleCount" : 36,
    "errorCount" : 36,
    "errorPct" : 100.0,
    "meanResTime" : 28.805555555555557,
    "medianResTime" : 22.0,
    "minResTime" : 17.0,
    "maxResTime" : 206.0,
    "pct1ResTime" : 35.90000000000001,
    "pct2ResTime" : 71.69999999999978,
    "pct3ResTime" : 206.0,
    "throughput" : 0.20705958139454628,
    "receivedKBytesPerSec" : 0.2006282874303331,
    "sentKBytesPerSec" : 0.029117753633608072
  },
  "/api/v2/super-contest-effect/1" : {
    "transaction" : "/api/v2/super-contest-effect/1",
    "sampleCount" : 37,
    "errorCount" : 0,
    "errorPct" : 0.0,
    "meanResTime" : 43.702702702702695,
    "medianResTime" : 22.0,
    "minResTime" : 18.0,
    "maxResTime" : 710.0,
    "pct1ResTime" : 47.000000000000014,
    "pct2ResTime" : 126.80000000000092,
    "pct3ResTime" : 710.0,
    "throughput" : 0.20745259427879384,
    "receivedKBytesPerSec" : 0.4762517591419312,
    "sentKBytesPerSec" : 0.029173021070455385
  },
  "/api/v2/berry/razz" : {
    "transaction" : "/api/v2/berry/razz",
    "sampleCount" : 36,
    "errorCount" : 0,
    "errorPct" : 0.0,
    "meanResTime" : 63.30555555555558,
    "medianResTime" : 30.0,
    "minResTime" : 21.0,
    "maxResTime" : 577.0,
    "pct1ResTime" : 125.90000000000032,
    "pct2ResTime" : 358.5499999999996,
    "pct3ResTime" : 577.0,
    "throughput" : 0.20655348300810722,
    "receivedKBytesPerSec" : 0.39237541525856484,
    "sentKBytesPerSec" : 0.026626034919013823
  },
  "/api/v2/item-pocket/battle" : {
    "transaction" : "/api/v2/item-pocket/battle",
    "sampleCount" : 36,
    "errorCount" : 0,
    "errorPct" : 0.0,
    "meanResTime" : 73.80555555555557,
    "medianResTime" : 25.0,
    "minResTime" : 18.0,
    "maxResTime" : 642.0,
    "pct1ResTime" : 211.10000000000002,
    "pct2ResTime" : 568.8999999999999,
    "pct3ResTime" : 642.0,
    "throughput" : 0.20971810391532048,
    "receivedKBytesPerSec" : 0.3818605764189469,
    "sentKBytesPerSec" : 0.028672397019672724
  },
  "/api/v2/contest-effect/5" : {
    "transaction" : "/api/v2/contest-effect/5",
    "sampleCount" : 36,
    "errorCount" : 0,
    "errorPct" : 0.0,
    "meanResTime" : 30.638888888888903,
    "medianResTime" : 22.0,
    "minResTime" : 19.0,
    "maxResTime" : 270.0,
    "pct1ResTime" : 34.300000000000004,
    "pct2ResTime" : 85.5499999999997,
    "pct3ResTime" : 270.0,
    "throughput" : 0.20651082747741287,
    "receivedKBytesPerSec" : 0.2930163667001291,
    "sentKBytesPerSec" : 0.027830560734260722
  },
  "/api/v2/item-attribute/usable-overworld" : {
    "transaction" : "/api/v2/item-attribute/usable-overworld",
    "sampleCount" : 36,
    "errorCount" : 0,
    "errorPct" : 0.0,
    "meanResTime" : 79.41666666666669,
    "medianResTime" : 24.0,
    "minResTime" : 21.0,
    "maxResTime" : 1023.0,
    "pct1ResTime" : 207.10000000000002,
    "pct2ResTime" : 482.39999999999907,
    "pct3ResTime" : 1023.0,
    "throughput" : 0.20636285468615648,
    "receivedKBytesPerSec" : 0.8064295822585269,
    "sentKBytesPerSec" : 0.030833512467755807
  },
  "/api/v2/contest-effect/3" : {
    "transaction" : "/api/v2/contest-effect/3",
    "sampleCount" : 36,
    "errorCount" : 0,
    "errorPct" : 0.0,
    "meanResTime" : 27.916666666666664,
    "medianResTime" : 22.0,
    "minResTime" : 19.0,
    "maxResTime" : 169.0,
    "pct1ResTime" : 33.300000000000004,
    "pct2ResTime" : 55.09999999999981,
    "pct3ResTime" : 169.0,
    "throughput" : 0.2070917416415472,
    "receivedKBytesPerSec" : 0.30193014177155475,
    "sentKBytesPerSec" : 0.02790884799466163
  },
  "/api/v2/contest-effect/1" : {
    "transaction" : "/api/v2/contest-effect/1",
    "sampleCount" : 37,
    "errorCount" : 0,
    "errorPct" : 0.0,
    "meanResTime" : 29.054054054054053,
    "medianResTime" : 21.0,
    "minResTime" : 18.0,
    "maxResTime" : 200.0,
    "pct1ResTime" : 40.40000000000002,
    "pct2ResTime" : 67.70000000000022,
    "pct3ResTime" : 200.0,
    "throughput" : 0.2074560837898302,
    "receivedKBytesPerSec" : 0.2900596120851579,
    "sentKBytesPerSec" : 0.027957948791988832
  },
  "/api/v2/location-area/sunyshore-city-area" : {
    "transaction" : "/api/v2/location-area/sunyshore-city-area",
    "sampleCount" : 36,
    "errorCount" : 0,
    "errorPct" : 0.0,
    "meanResTime" : 122.22222222222223,
    "medianResTime" : 30.0,
    "minResTime" : 25.0,
    "maxResTime" : 1066.0,
    "pct1ResTime" : 402.300000000002,
    "pct2ResTime" : 820.3499999999996,
    "pct3ResTime" : 1066.0,
    "throughput" : 0.21038236995739756,
    "receivedKBytesPerSec" : 3.2173538883483235,
    "sentKBytesPerSec" : 0.031844987640035766
  },
  "/api/v2/encounter-method/gift" : {
    "transaction" : "/api/v2/encounter-method/gift",
    "sampleCount" : 36,
    "errorCount" : 0,
    "errorPct" : 0.0,
    "meanResTime" : 31.38888888888889,
    "medianResTime" : 22.0,
    "minResTime" : 18.0,
    "maxResTime" : 203.0,
    "pct1ResTime" : 48.50000000000002,
    "pct2ResTime" : 94.19999999999982,
    "pct3ResTime" : 203.0,
    "throughput" : 0.21240191161720456,
    "receivedKBytesPerSec" : 0.27939401845241607,
    "sentKBytesPerSec" : 0.029661595079355712
  },
  "/api/v2/encounter-method/walk" : {
    "transaction" : "/api/v2/encounter-method/walk",
    "sampleCount" : 37,
    "errorCount" : 0,
    "errorPct" : 0.0,
    "meanResTime" : 36.432432432432435,
    "medianResTime" : 21.0,
    "minResTime" : 18.0,
    "maxResTime" : 207.0,
    "pct1ResTime" : 70.60000000000021,
    "pct2ResTime" : 206.1,
    "pct3ResTime" : 207.0,
    "throughput" : 0.21293003234234545,
    "receivedKBytesPerSec" : 0.3140729217021742,
    "sentKBytesPerSec" : 0.029735346313433008
  },
  "/api/v2/item-category/collectibles" : {
    "transaction" : "/api/v2/item-category/collectibles",
    "sampleCount" : 36,
    "errorCount" : 0,
    "errorPct" : 0.0,
    "meanResTime" : 64.33333333333336,
    "medianResTime" : 21.0,
    "minResTime" : 19.0,
    "maxResTime" : 789.0,
    "pct1ResTime" : 207.50000000000003,
    "pct2ResTime" : 301.9499999999992,
    "pct3ResTime" : 789.0,
    "throughput" : 0.2075514122144006,
    "receivedKBytesPerSec" : 0.4447739383168734,
    "sentKBytesPerSec" : 0.02999766504661259
  },
  "/api/v2/berry-firmness/soft" : {
    "transaction" : "/api/v2/berry-firmness/soft",
    "sampleCount" : 36,
    "errorCount" : 0,
    "errorPct" : 0.0,
    "meanResTime" : 23.5,
    "medianResTime" : 22.5,
    "minResTime" : 18.0,
    "maxResTime" : 39.0,
    "pct1ResTime" : 30.200000000000017,
    "pct2ResTime" : 33.89999999999999,
    "pct3ResTime" : 39.0,
    "throughput" : 0.20719424460431654,
    "receivedKBytesPerSec" : 0.5678844424460432,
    "sentKBytesPerSec" : 0.028529676258992807
  },
  "/api/v2/item-category/evolution" : {
    "transaction" : "/api/v2/item-category/evolution",
    "sampleCount" : 36,
    "errorCount" : 0,
    "errorPct" : 0.0,
    "meanResTime" : 66.08333333333336,
    "medianResTime" : 25.5,
    "minResTime" : 20.0,
    "maxResTime" : 596.0,
    "pct1ResTime" : 206.70000000000005,
    "pct2ResTime" : 272.99999999999943,
    "pct3ResTime" : 596.0,
    "throughput" : 0.20732072516182534,
    "receivedKBytesPerSec" : 0.7411333496982332,
    "sentKBytesPerSec" : 0.029356938621547535
  },
  "/api/v2/contest-type/cute" : {
    "transaction" : "/api/v2/contest-type/cute",
    "sampleCount" : 36,
    "errorCount" : 0,
    "errorPct" : 0.0,
    "meanResTime" : 28.58333333333333,
    "medianResTime" : 24.0,
    "minResTime" : 18.0,
    "maxResTime" : 72.0,
    "pct1ResTime" : 52.0,
    "pct2ResTime" : 55.84999999999997,
    "pct3ResTime" : 72.0,
    "throughput" : 0.20661038446749042,
    "receivedKBytesPerSec" : 0.3542708984969094,
    "sentKBytesPerSec" : 0.02804574554783317
  },
  "/api/v2/super-contest-effect/7" : {
    "transaction" : "/api/v2/super-contest-effect/7",
    "sampleCount" : 36,
    "errorCount" : 0,
    "errorPct" : 0.0,
    "meanResTime" : 27.97222222222222,
    "medianResTime" : 23.0,
    "minResTime" : 20.0,
    "maxResTime" : 85.0,
    "pct1ResTime" : 42.20000000000006,
    "pct2ResTime" : 68.84999999999997,
    "pct3ResTime" : 85.0,
    "throughput" : 0.20642083474292003,
    "receivedKBytesPerSec" : 0.5911752942930373,
    "sentKBytesPerSec" : 0.02902792988572313
  },
  "/api/v2/encounter-method/purple-flowers" : {
    "transaction" : "/api/v2/encounter-method/purple-flowers",
    "sampleCount" : 36,
    "errorCount" : 0,
    "errorPct" : 0.0,
    "meanResTime" : 33.13888888888888,
    "medianResTime" : 21.0,
    "minResTime" : 18.0,
    "maxResTime" : 209.0,
    "pct1ResTime" : 37.900000000000055,
    "pct2ResTime" : 204.75,
    "pct3ResTime" : 209.0,
    "throughput" : 0.21251475796930341,
    "receivedKBytesPerSec" : 0.31066101866883117,
    "sentKBytesPerSec" : 0.031752693329397876
  },
  "/api/v2/super-contest-effect/5" : {
    "transaction" : "/api/v2/super-contest-effect/5",
    "sampleCount" : 36,
    "errorCount" : 0,
    "errorPct" : 0.0,
    "meanResTime" : 30.444444444444446,
    "medianResTime" : 25.5,
    "minResTime" : 20.0,
    "maxResTime" : 65.0,
    "pct1ResTime" : 58.300000000000004,
    "pct2ResTime" : 61.599999999999994,
    "pct3ResTime" : 65.0,
    "throughput" : 0.20652622883106156,
    "receivedKBytesPerSec" : 1.193643617479003,
    "sentKBytesPerSec" : 0.029042750929368026
  },
  "/api/v2/berry-firmness/very-hard" : {
    "transaction" : "/api/v2/berry-firmness/very-hard",
    "sampleCount" : 36,
    "errorCount" : 0,
    "errorPct" : 0.0,
    "meanResTime" : 34.3611111111111,
    "medianResTime" : 23.5,
    "minResTime" : 18.0,
    "maxResTime" : 267.0,
    "pct1ResTime" : 47.60000000000001,
    "pct2ResTime" : 91.89999999999971,
    "pct3ResTime" : 267.0,
    "throughput" : 0.20641846757223214,
    "receivedKBytesPerSec" : 0.4832781331169762,
    "sentKBytesPerSec" : 0.02943075807182216
  },
  "/api/v2/contest-type/beauty" : {
    "transaction" : "/api/v2/contest-type/beauty",
    "sampleCount" : 36,
    "errorCount" : 0,
    "errorPct" : 0.0,
    "meanResTime" : 23.805555555555554,
    "medianResTime" : 21.5,
    "minResTime" : 18.0,
    "maxResTime" : 63.0,
    "pct1ResTime" : 30.60000000000001,
    "pct2ResTime" : 40.04999999999996,
    "pct3ResTime" : 63.0,
    "throughput" : 0.20707268251156155,
    "receivedKBytesPerSec" : 0.3556477815900881,
    "sentKBytesPerSec" : 0.028512937728642752
  },
  "/api/v2/item-fling-effect/paralyze" : {
    "transaction" : "/api/v2/item-fling-effect/paralyze",
    "sampleCount" : 36,
    "errorCount" : 0,
    "errorPct" : 0.0,
    "meanResTime" : 59.41666666666666,
    "medianResTime" : 21.0,
    "minResTime" : 18.0,
    "maxResTime" : 813.0,
    "pct1ResTime" : 207.40000000000003,
    "pct2ResTime" : 303.8499999999991,
    "pct3ResTime" : 813.0,
    "throughput" : 0.2088724369611381,
    "receivedKBytesPerSec" : 0.2701335260568365,
    "sentKBytesPerSec" : 0.03018859440453949
  },
  "/api/v2/encounter-condition-value/season-winter" : {
    "transaction" : "/api/v2/encounter-condition-value/season-winter",
    "sampleCount" : 36,
    "errorCount" : 0,
    "errorPct" : 0.0,
    "meanResTime" : 41.361111111111114,
    "medianResTime" : 24.0,
    "minResTime" : 18.0,
    "maxResTime" : 556.0,
    "pct1ResTime" : 52.300000000000004,
    "pct2ResTime" : 130.1499999999993,
    "pct3ResTime" : 556.0,
    "throughput" : 0.21239689900527453,
    "receivedKBytesPerSec" : 0.31289709185870884,
    "sentKBytesPerSec" : 0.033394434316258985
  },
  "/api/v2/berry-flavor/sweet" : {
    "transaction" : "/api/v2/berry-flavor/sweet",
    "sampleCount" : 36,
    "errorCount" : 0,
    "errorPct" : 0.0,
    "meanResTime" : 26.166666666666664,
    "medianResTime" : 24.0,
    "minResTime" : 19.0,
    "maxResTime" : 56.0,
    "pct1ResTime" : 33.800000000000026,
    "pct2ResTime" : 55.15,
    "pct3ResTime" : 56.0,
    "throughput" : 0.2066127560419883,
    "receivedKBytesPerSec" : 0.8313495579347907,
    "sentKBytesPerSec" : 0.028247837740115588
  },
  "/api/v2/super-contest-effect/9" : {
    "transaction" : "/api/v2/super-contest-effect/9",
    "sampleCount" : 36,
    "errorCount" : 0,
    "errorPct" : 0.0,
    "meanResTime" : 23.55555555555556,
    "medianResTime" : 22.0,
    "minResTime" : 19.0,
    "maxResTime" : 49.0,
    "pct1ResTime" : 28.300000000000004,
    "pct2ResTime" : 31.99999999999997,
    "pct3ResTime" : 49.0,
    "throughput" : 0.20637350164238913,
    "receivedKBytesPerSec" : 0.39284526179338575,
    "sentKBytesPerSec" : 0.02902127366846097
  },
  "/api/v2/region/unova" : {
    "transaction" : "/api/v2/region/unova",
    "sampleCount" : 37,
    "errorCount" : 0,
    "errorPct" : 0.0,
    "meanResTime" : 81.43243243243242,
    "medianResTime" : 28.0,
    "minResTime" : 23.0,
    "maxResTime" : 748.0,
    "pct1ResTime" : 238.40000000000003,
    "pct2ResTime" : 329.5000000000007,
    "pct3ResTime" : 748.0,
    "throughput" : 0.21204288997266366,
    "receivedKBytesPerSec" : 2.3188217525201584,
    "sentKBytesPerSec" : 0.027747800055016536
  },
  "/api/v2/berry-flavor/spicy" : {
    "transaction" : "/api/v2/berry-flavor/spicy",
    "sampleCount" : 37,
    "errorCount" : 0,
    "errorPct" : 0.0,
    "meanResTime" : 38.567567567567565,
    "medianResTime" : 24.0,
    "minResTime" : 20.0,
    "maxResTime" : 472.0,
    "pct1ResTime" : 52.60000000000001,
    "pct2ResTime" : 101.20000000000059,
    "pct3ResTime" : 472.0,
    "throughput" : 0.20745724698626297,
    "receivedKBytesPerSec" : 0.8347679247266611,
    "sentKBytesPerSec" : 0.02836329548640314
  },
  "/api/v2/item-fling-effect/poison" : {
    "transaction" : "/api/v2/item-fling-effect/poison",
    "sampleCount" : 36,
    "errorCount" : 0,
    "errorPct" : 0.0,
    "meanResTime" : 67.55555555555556,
    "medianResTime" : 22.0,
    "minResTime" : 18.0,
    "maxResTime" : 748.0,
    "pct1ResTime" : 207.90000000000006,
    "pct2ResTime" : 313.6499999999993,
    "pct3ResTime" : 748.0,
    "throughput" : 0.2088312411536766,
    "receivedKBytesPerSec" : 0.2693381445489245,
    "sentKBytesPerSec" : 0.029774766805114043
  },
  "/api/v2/encounter-method/surf" : {
    "transaction" : "/api/v2/encounter-method/surf",
    "sampleCount" : 36,
    "errorCount" : 0,
    "errorPct" : 0.0,
    "meanResTime" : 29.0,
    "medianResTime" : 22.0,
    "minResTime" : 16.0,
    "maxResTime" : 206.0,
    "pct1ResTime" : 42.0,
    "pct2ResTime" : 69.14999999999978,
    "pct3ResTime" : 206.0,
    "throughput" : 0.21287415589484016,
    "receivedKBytesPerSec" : 0.2945325065488369,
    "sentKBytesPerSec" : 0.029727543254845844
  },
  "/api/v2/item-attribute/countable" : {
    "transaction" : "/api/v2/item-attribute/countable",
    "sampleCount" : 37,
    "errorCount" : 0,
    "errorPct" : 0.0,
    "meanResTime" : 101.67567567567565,
    "medianResTime" : 24.0,
    "minResTime" : 20.0,
    "maxResTime" : 827.0,
    "pct1ResTime" : 514.0000000000001,
    "pct2ResTime" : 697.4000000000002,
    "pct3ResTime" : 827.0,
    "throughput" : 0.20744212644999244,
    "receivedKBytesPerSec" : 1.1984644727325735,
    "sentKBytesPerSec" : 0.029576709435252826
  },
  "/api/v2/location/eterna-forest" : {
    "transaction" : "/api/v2/location/eterna-forest",
    "sampleCount" : 37,
    "errorCount" : 0,
    "errorPct" : 0.0,
    "meanResTime" : 66.72972972972974,
    "medianResTime" : 22.0,
    "minResTime" : 18.0,
    "maxResTime" : 590.0,
    "pct1ResTime" : 225.40000000000015,
    "pct2ResTime" : 487.40000000000015,
    "pct3ResTime" : 590.0,
    "throughput" : 0.21111250584838698,
    "receivedKBytesPerSec" : 0.33382499308178615,
    "sentKBytesPerSec" : 0.02968769613492942
  },
  "/api/v2/location/pinwheel-forest" : {
    "transaction" : "/api/v2/location/pinwheel-forest",
    "sampleCount" : 36,
    "errorCount" : 0,
    "errorPct" : 0.0,
    "meanResTime" : 31.19444444444445,
    "medianResTime" : 23.0,
    "minResTime" : 20.0,
    "maxResTime" : 222.0,
    "pct1ResTime" : 50.60000000000001,
    "pct2ResTime" : 83.44999999999976,
    "pct3ResTime" : 222.0,
    "throughput" : 0.21035409606170385,
    "receivedKBytesPerSec" : 0.38212843833995563,
    "sentKBytesPerSec" : 0.029991892602547626
  },
  "/api/v2/encounter-condition/season" : {
    "transaction" : "/api/v2/encounter-condition/season",
    "sampleCount" : 36,
    "errorCount" : 0,
    "errorPct" : 0.0,
    "meanResTime" : 35.77777777777778,
    "medianResTime" : 22.0,
    "minResTime" : 18.0,
    "maxResTime" : 443.0,
    "pct1ResTime" : 36.900000000000055,
    "pct2ResTime" : 110.64999999999944,
    "pct3ResTime" : 443.0,
    "throughput" : 0.21240065844204117,
    "receivedKBytesPerSec" : 0.36760455754287835,
    "sentKBytesPerSec" : 0.03069853266545126
  },
  "/api/v2/location/chargestone-cave" : {
    "transaction" : "/api/v2/location/chargestone-cave",
    "sampleCount" : 36,
    "errorCount" : 0,
    "errorPct" : 0.0,
    "meanResTime" : 35.97222222222222,
    "medianResTime" : 23.0,
    "minResTime" : 19.0,
    "maxResTime" : 257.0,
    "pct1ResTime" : 46.90000000000014,
    "pct2ResTime" : 217.89999999999992,
    "pct3ResTime" : 257.0,
    "throughput" : 0.2107395200992817,
    "receivedKBytesPerSec" : 0.42165625713441085,
    "sentKBytesPerSec" : 0.03025264595175236
  },
  "/api/v2/berry/pinap" : {
    "transaction" : "/api/v2/berry/pinap",
    "sampleCount" : 36,
    "errorCount" : 0,
    "errorPct" : 0.0,
    "meanResTime" : 54.138888888888886,
    "medianResTime" : 25.0,
    "minResTime" : 20.0,
    "maxResTime" : 273.0,
    "pct1ResTime" : 149.40000000000066,
    "pct2ResTime" : 270.45,
    "pct3ResTime" : 273.0,
    "throughput" : 0.2071179536746177,
    "receivedKBytesPerSec" : 0.38925634945976734,
    "sentKBytesPerSec" : 0.026901062342504056
  },
  "/api/v2/location-area/valley-windworks-area" : {
    "transaction" : "/api/v2/location-area/valley-windworks-area",
    "sampleCount" : 36,
    "errorCount" : 0,
    "errorPct" : 0.0,
    "meanResTime" : 93.30555555555557,
    "medianResTime" : 59.5,
    "minResTime" : 31.0,
    "maxResTime" : 840.0,
    "pct1ResTime" : 219.60000000000002,
    "pct2ResTime" : 314.69999999999914,
    "pct3ResTime" : 840.0,
    "throughput" : 0.21043894055684484,
    "receivedKBytesPerSec" : 7.448062272024481,
    "sentKBytesPerSec" : 0.03226456412834437
  },
  "/api/v2/item-fling-effect/berry-effect" : {
    "transaction" : "/api/v2/item-fling-effect/berry-effect",
    "sampleCount" : 36,
    "errorCount" : 0,
    "errorPct" : 0.0,
    "meanResTime" : 69.66666666666669,
    "medianResTime" : 23.5,
    "minResTime" : 20.0,
    "maxResTime" : 806.0,
    "pct1ResTime" : 216.00000000000006,
    "pct2ResTime" : 353.7999999999993,
    "pct3ResTime" : 806.0,
    "throughput" : 0.2084756952085336,
    "receivedKBytesPerSec" : 0.6050907520760705,
    "sentKBytesPerSec" : 0.03094561100751671
  },
  "/api/v2/berry-firmness/super-hard" : {
    "transaction" : "/api/v2/berry-firmness/super-hard",
    "sampleCount" : 36,
    "errorCount" : 0,
    "errorPct" : 0.0,
    "meanResTime" : 45.94444444444444,
    "medianResTime" : 23.0,
    "minResTime" : 18.0,
    "maxResTime" : 656.0,
    "pct1ResTime" : 55.80000000000007,
    "pct2ResTime" : 222.49999999999926,
    "pct3ResTime" : 656.0,
    "throughput" : 0.20633565078837413,
    "receivedKBytesPerSec" : 0.4983534343422764,
    "sentKBytesPerSec" : 0.029620449869034175
  },
  "/api/v2/berry-flavor/sour" : {
    "transaction" : "/api/v2/berry-flavor/sour",
    "sampleCount" : 36,
    "errorCount" : 0,
    "errorPct" : 0.0,
    "meanResTime" : 24.833333333333332,
    "medianResTime" : 23.0,
    "minResTime" : 20.0,
    "maxResTime" : 40.0,
    "pct1ResTime" : 34.300000000000004,
    "pct2ResTime" : 37.449999999999996,
    "pct3ResTime" : 40.0,
    "throughput" : 0.20633565078837413,
    "receivedKBytesPerSec" : 0.8156314390335466,
    "sentKBytesPerSec" : 0.028008452597250003
  },
  "/api/v2/item-pocket/pokeballs" : {
    "transaction" : "/api/v2/item-pocket/pokeballs",
    "sampleCount" : 36,
    "errorCount" : 0,
    "errorPct" : 0.0,
    "meanResTime" : 67.1111111111111,
    "medianResTime" : 22.0,
    "minResTime" : 18.0,
    "maxResTime" : 851.0,
    "pct1ResTime" : 209.50000000000006,
    "pct2ResTime" : 328.2499999999991,
    "pct3ResTime" : 851.0,
    "throughput" : 0.20934127279493858,
    "receivedKBytesPerSec" : 0.3777274333015445,
    "sentKBytesPerSec" : 0.029234181650074433
  },
  "/api/v2/location-area/fuego-ironworks-area" : {
    "transaction" : "/api/v2/location-area/fuego-ironworks-area",
    "sampleCount" : 36,
    "errorCount" : 0,
    "errorPct" : 0.0,
    "meanResTime" : 84.22222222222223,
    "medianResTime" : 36.5,
    "minResTime" : 30.0,
    "maxResTime" : 848.0,
    "pct1ResTime" : 249.3,
    "pct2ResTime" : 358.3999999999992,
    "pct3ResTime" : 848.0,
    "throughput" : 0.21034795056823163,
    "receivedKBytesPerSec" : 6.232482416226007,
    "sentKBytesPerSec" : 0.03204519559437903
  },
  "/api/v2/location/spring-path" : {
    "transaction" : "/api/v2/location/spring-path",
    "sampleCount" : 36,
    "errorCount" : 0,
    "errorPct" : 0.0,
    "meanResTime" : 29.38888888888889,
    "medianResTime" : 21.0,
    "minResTime" : 18.0,
    "maxResTime" : 207.0,
    "pct1ResTime" : 42.30000000000005,
    "pct2ResTime" : 78.64999999999978,
    "pct3ResTime" : 207.0,
    "throughput" : 0.21048077316604008,
    "receivedKBytesPerSec" : 0.31512164582809565,
    "sentKBytesPerSec" : 0.029187763466384464
  },
  "/api/v2/encounter-condition-value/slot2-ruby" : {
    "transaction" : "/api/v2/encounter-condition-value/slot2-ruby",
    "sampleCount" : 36,
    "errorCount" : 0,
    "errorPct" : 0.0,
    "meanResTime" : 31.222222222222225,
    "medianResTime" : 22.5,
    "minResTime" : 18.0,
    "maxResTime" : 217.0,
    "pct1ResTime" : 47.90000000000001,
    "pct2ResTime" : 75.04999999999976,
    "pct3ResTime" : 217.0,
    "throughput" : 0.2131590166264033,
    "receivedKBytesPerSec" : 0.31696879921900906,
    "sentKBytesPerSec" : 0.03288977014352707
  },
  "/api/v2/pal-park-area/forest" : {
    "transaction" : "/api/v2/pal-park-area/forest",
    "sampleCount" : 37,
    "errorCount" : 0,
    "errorPct" : 0.0,
    "meanResTime" : 77.48648648648646,
    "medianResTime" : 29.0,
    "minResTime" : 22.0,
    "maxResTime" : 590.0,
    "pct1ResTime" : 219.2,
    "pct2ResTime" : 571.1,
    "pct3ResTime" : 590.0,
    "throughput" : 0.21135731381991216,
    "receivedKBytesPerSec" : 2.59515184880526,
    "sentKBytesPerSec" : 0.02930931500237063
  },
  "/api/v2/region/alola" : {
    "transaction" : "/api/v2/region/alola",
    "sampleCount" : 36,
    "errorCount" : 0,
    "errorPct" : 0.0,
    "meanResTime" : 74.55555555555554,
    "medianResTime" : 28.5,
    "minResTime" : 23.0,
    "maxResTime" : 595.0,
    "pct1ResTime" : 224.40000000000003,
    "pct2ResTime" : 304.2999999999995,
    "pct3ResTime" : 595.0,
    "throughput" : 0.21243449936269648,
    "receivedKBytesPerSec" : 1.988755493423382,
    "sentKBytesPerSec" : 0.027799045815040363
  },
  "/api/v2/encounter-condition/swarm" : {
    "transaction" : "/api/v2/encounter-condition/swarm",
    "sampleCount" : 37,
    "errorCount" : 0,
    "errorPct" : 0.0,
    "meanResTime" : 32.837837837837846,
    "medianResTime" : 21.0,
    "minResTime" : 18.0,
    "maxResTime" : 221.0,
    "pct1ResTime" : 36.20000000000002,
    "pct2ResTime" : 209.3,
    "pct3ResTime" : 221.0,
    "throughput" : 0.2128026686604935,
    "receivedKBytesPerSec" : 0.3279771704434347,
    "sentKBytesPerSec" : 0.030548820598723183
  },
  "/api/v2/item-category/training" : {
    "transaction" : "/api/v2/item-category/training",
    "sampleCount" : 36,
    "errorCount" : 0,
    "errorPct" : 0.0,
    "meanResTime" : 57.63888888888888,
    "medianResTime" : 21.0,
    "minResTime" : 17.0,
    "maxResTime" : 738.0,
    "pct1ResTime" : 200.20000000000002,
    "pct2ResTime" : 285.7999999999993,
    "pct3ResTime" : 738.0,
    "throughput" : 0.20801072410844293,
    "receivedKBytesPerSec" : 0.37485265907042314,
    "sentKBytesPerSec" : 0.029251508077749785
  },
  "/api/v2/contest-type/tough" : {
    "transaction" : "/api/v2/contest-type/tough",
    "sampleCount" : 36,
    "errorCount" : 0,
    "errorPct" : 0.0,
    "meanResTime" : 24.166666666666664,
    "medianResTime" : 21.0,
    "minResTime" : 19.0,
    "maxResTime" : 68.0,
    "pct1ResTime" : 30.200000000000017,
    "pct2ResTime" : 39.09999999999995,
    "pct3ResTime" : 68.0,
    "throughput" : 0.20634511220015478,
    "receivedKBytesPerSec" : 0.35477880592095834,
    "sentKBytesPerSec" : 0.028211245808614907
  },
  "/api/v2/berry-flavor/dry" : {
    "transaction" : "/api/v2/berry-flavor/dry",
    "sampleCount" : 36,
    "errorCount" : 0,
    "errorPct" : 0.0,
    "meanResTime" : 34.02777777777777,
    "medianResTime" : 23.0,
    "minResTime" : 19.0,
    "maxResTime" : 377.0,
    "pct1ResTime" : 31.300000000000004,
    "pct2ResTime" : 99.89999999999954,
    "pct3ResTime" : 377.0,
    "throughput" : 0.2071179536746177,
    "receivedKBytesPerSec" : 0.8505073131335796,
    "sentKBytesPerSec" : 0.0279123804756809
  },
  "/api/v2/pal-park-area/mountain" : {
    "transaction" : "/api/v2/pal-park-area/mountain",
    "sampleCount" : 36,
    "errorCount" : 0,
    "errorPct" : 0.0,
    "meanResTime" : 84.44444444444443,
    "medianResTime" : 34.0,
    "minResTime" : 26.0,
    "maxResTime" : 820.0,
    "pct1ResTime" : 212.9,
    "pct2ResTime" : 314.24999999999915,
    "pct3ResTime" : 820.0,
    "throughput" : 0.2114425669127623,
    "receivedKBytesPerSec" : 3.766108500505113,
    "sentKBytesPerSec" : 0.029734110972107205
  },
  "/api/v2/region/hisui" : {
    "transaction" : "/api/v2/region/hisui",
    "sampleCount" : 36,
    "errorCount" : 0,
    "errorPct" : 0.0,
    "meanResTime" : 55.861111111111086,
    "medianResTime" : 22.5,
    "minResTime" : 19.0,
    "maxResTime" : 232.0,
    "pct1ResTime" : 220.60000000000002,
    "pct2ResTime" : 225.2,
    "pct3ResTime" : 232.0,
    "throughput" : 0.2121490700799095,
    "receivedKBytesPerSec" : 0.42876970665971287,
    "sentKBytesPerSec" : 0.027761694717488152
  },
  "/api/v2/item-category/plates" : {
    "transaction" : "/api/v2/item-category/plates",
    "sampleCount" : 37,
    "errorCount" : 0,
    "errorPct" : 0.0,
    "meanResTime" : 69.56756756756755,
    "medianResTime" : 24.0,
    "minResTime" : 17.0,
    "maxResTime" : 903.0,
    "pct1ResTime" : 202.20000000000005,
    "pct2ResTime" : 298.20000000000095,
    "pct3ResTime" : 903.0,
    "throughput" : 0.208207892767308,
    "receivedKBytesPerSec" : 0.5245588155643841,
    "sentKBytesPerSec" : 0.02887257887984154
  },
  "/api/v2/item/premier-ball" : {
    "transaction" : "/api/v2/item/premier-ball",
    "sampleCount" : 36,
    "errorCount" : 0,
    "errorPct" : 0.0,
    "meanResTime" : 67.47222222222223,
    "medianResTime" : 33.5,
    "minResTime" : 23.0,
    "maxResTime" : 579.0,
    "pct1ResTime" : 169.90000000000026,
    "pct2ResTime" : 271.2999999999995,
    "pct3ResTime" : 579.0,
    "throughput" : 0.20652385924251637,
    "receivedKBytesPerSec" : 3.814265536976376,
    "sentKBytesPerSec" : 0.02803400042452127
  },
  "/api/v2/encounter-condition/starter" : {
    "transaction" : "/api/v2/encounter-condition/starter",
    "sampleCount" : 36,
    "errorCount" : 0,
    "errorPct" : 0.0,
    "meanResTime" : 30.555555555555554,
    "medianResTime" : 22.0,
    "minResTime" : 18.0,
    "maxResTime" : 221.0,
    "pct1ResTime" : 37.90000000000001,
    "pct2ResTime" : 74.79999999999976,
    "pct3ResTime" : 221.0,
    "throughput" : 0.2125122489699059,
    "receivedKBytesPerSec" : 0.37359704098830004,
    "sentKBytesPerSec" : 0.030922192477066388
  },
  "/api/v2/location-area/eterna-forest-area" : {
    "transaction" : "/api/v2/location-area/eterna-forest-area",
    "sampleCount" : 37,
    "errorCount" : 0,
    "errorPct" : 0.0,
    "meanResTime" : 79.75675675675677,
    "medianResTime" : 40.0,
    "minResTime" : 26.0,
    "maxResTime" : 437.0,
    "pct1ResTime" : 237.60000000000005,
    "pct2ResTime" : 279.5000000000002,
    "pct3ResTime" : 437.0,
    "throughput" : 0.21107517128464914,
    "receivedKBytesPerSec" : 6.249257938850953,
    "sentKBytesPerSec" : 0.031743726931480434
  },
  "/api/v2/encounter-condition-value/swarm-yes" : {
    "transaction" : "/api/v2/encounter-condition-value/swarm-yes",
    "sampleCount" : 37,
    "errorCount" : 0,
    "errorPct" : 0.0,
    "meanResTime" : 33.35135135135134,
    "medianResTime" : 22.0,
    "minResTime" : 18.0,
    "maxResTime" : 209.0,
    "pct1ResTime" : 38.000000000000014,
    "pct2ResTime" : 199.10000000000002,
    "pct3ResTime" : 209.0,
    "throughput" : 0.21280144474926813,
    "receivedKBytesPerSec" : 0.3175340392446124,
    "sentKBytesPerSec" : 0.03262678400940927
  },
  "/api/v2/pal-park-area/field" : {
    "transaction" : "/api/v2/pal-park-area/field",
    "sampleCount" : 36,
    "errorCount" : 0,
    "errorPct" : 0.0,
    "meanResTime" : 94.75,
    "medianResTime" : 34.0,
    "minResTime" : 25.0,
    "maxResTime" : 729.0,
    "pct1ResTime" : 236.50000000000003,
    "pct2ResTime" : 524.9999999999997,
    "pct3ResTime" : 729.0,
    "throughput" : 0.21177093443924822,
    "receivedKBytesPerSec" : 4.328275280155299,
    "sentKBytesPerSec" : 0.029159864996029294
  },
  "/api/v2/location/sunyshore-city" : {
    "transaction" : "/api/v2/location/sunyshore-city",
    "sampleCount" : 36,
    "errorCount" : 0,
    "errorPct" : 0.0,
    "meanResTime" : 34.22222222222223,
    "medianResTime" : 21.0,
    "minResTime" : 18.0,
    "maxResTime" : 259.0,
    "pct1ResTime" : 31.60000000000005,
    "pct2ResTime" : 221.59999999999994,
    "pct3ResTime" : 259.0,
    "throughput" : 0.2103922061376082,
    "receivedKBytesPerSec" : 0.33152296197160874,
    "sentKBytesPerSec" : 0.02979186512690741
  },
  "/api/v2/item-attribute/consumable" : {
    "transaction" : "/api/v2/item-attribute/consumable",
    "sampleCount" : 36,
    "errorCount" : 0,
    "errorPct" : 0.0,
    "meanResTime" : 98.24999999999999,
    "medianResTime" : 26.0,
    "minResTime" : 20.0,
    "maxResTime" : 1192.0,
    "pct1ResTime" : 238.60000000000025,
    "pct2ResTime" : 729.5999999999992,
    "pct3ResTime" : 1192.0,
    "throughput" : 0.20653689265245004,
    "receivedKBytesPerSec" : 1.1675687864666702,
    "sentKBytesPerSec" : 0.02964933908194351
  },
  "/api/v2/item-pocket/key" : {
    "transaction" : "/api/v2/item-pocket/key",
    "sampleCount" : 36,
    "errorCount" : 0,
    "errorPct" : 0.0,
    "meanResTime" : 80.77777777777777,
    "medianResTime" : 22.5,
    "minResTime" : 18.0,
    "maxResTime" : 805.0,
    "pct1ResTime" : 219.30000000000018,
    "pct2ResTime" : 606.9499999999997,
    "pct3ResTime" : 805.0,
    "throughput" : 0.2094313937659255,
    "receivedKBytesPerSec" : 0.43886057686713903,
    "sentKBytesPerSec" : 0.02801962983001152
  },
  "/api/v2/item-pocket/machines" : {
    "transaction" : "/api/v2/item-pocket/machines",
    "sampleCount" : 36,
    "errorCount" : 0,
    "errorPct" : 0.0,
    "meanResTime" : 59.361111111111114,
    "medianResTime" : 22.0,
    "minResTime" : 18.0,
    "maxResTime" : 772.0,
    "pct1ResTime" : 201.40000000000003,
    "pct2ResTime" : 296.8499999999992,
    "pct3ResTime" : 772.0,
    "throughput" : 0.20983545403146367,
    "receivedKBytesPerSec" : 0.35409732867809496,
    "sentKBytesPerSec" : 0.02909827585201938
  },
  "/api/v2/berry-firmness/very-soft" : {
    "transaction" : "/api/v2/berry-firmness/very-soft",
    "sampleCount" : 37,
    "errorCount" : 0,
    "errorPct" : 0.0,
    "meanResTime" : 29.8918918918919,
    "medianResTime" : 22.0,
    "minResTime" : 19.0,
    "maxResTime" : 234.0,
    "pct1ResTime" : 35.800000000000026,
    "pct2ResTime" : 70.20000000000026,
    "pct3ResTime" : 234.0,
    "throughput" : 0.2074560837898302,
    "receivedKBytesPerSec" : 0.4509738696446894,
    "sentKBytesPerSec" : 0.02957869944659688
  },
  "/api/v2/berry-firmness/hard" : {
    "transaction" : "/api/v2/berry-firmness/hard",
    "sampleCount" : 36,
    "errorCount" : 0,
    "errorPct" : 0.0,
    "meanResTime" : 28.333333333333336,
    "medianResTime" : 24.0,
    "minResTime" : 18.0,
    "maxResTime" : 69.0,
    "pct1ResTime" : 54.0,
    "pct2ResTime" : 57.94999999999998,
    "pct3ResTime" : 69.0,
    "throughput" : 0.206615127670931,
    "receivedKBytesPerSec" : 0.5286441743142961,
    "sentKBytesPerSec" : 0.028449934571876237
  },
  "/api/v2/berry/iapapa" : {
    "transaction" : "/api/v2/berry/iapapa",
    "sampleCount" : 37,
    "errorCount" : 0,
    "errorPct" : 0.0,
    "meanResTime" : 61.29729729729729,
    "medianResTime" : 26.0,
    "minResTime" : 19.0,
    "maxResTime" : 292.0,
    "pct1ResTime" : 193.20000000000022,
    "pct2ResTime" : 266.80000000000007,
    "pct3ResTime" : 292.0,
    "throughput" : 0.20728988089235492,
    "receivedKBytesPerSec" : 0.3890077362544399,
    "sentKBytesPerSec" : 0.02712582425739801
  },
  "/api/v2/contest-type/smart" : {
    "transaction" : "/api/v2/contest-type/smart",
    "sampleCount" : 36,
    "errorCount" : 0,
    "errorPct" : 0.0,
    "meanResTime" : 27.944444444444443,
    "medianResTime" : 23.0,
    "minResTime" : 19.0,
    "maxResTime" : 65.0,
    "pct1ResTime" : 53.20000000000002,
    "pct2ResTime" : 60.74999999999999,
    "pct3ResTime" : 65.0,
    "throughput" : 0.2063723185929994,
    "receivedKBytesPerSec" : 0.35456806560346704,
    "sentKBytesPerSec" : 0.028214965432636633
  },
  "/api/v2/berry/lum" : {
    "transaction" : "/api/v2/berry/lum",
    "sampleCount" : 36,
    "errorCount" : 0,
    "errorPct" : 0.0,
    "meanResTime" : 44.25,
    "medianResTime" : 25.0,
    "minResTime" : 19.0,
    "maxResTime" : 464.0,
    "pct1ResTime" : 72.50000000000003,
    "pct2ResTime" : 143.54999999999947,
    "pct3ResTime" : 464.0,
    "throughput" : 0.20627062706270627,
    "receivedKBytesPerSec" : 0.38831296052782366,
    "sentKBytesPerSec" : 0.026388136860561056
  },
  "/api/v2/item-fling-effect/flinch" : {
    "transaction" : "/api/v2/item-fling-effect/flinch",
    "sampleCount" : 36,
    "errorCount" : 0,
    "errorPct" : 0.0,
    "meanResTime" : 78.33333333333331,
    "medianResTime" : 22.5,
    "minResTime" : 17.0,
    "maxResTime" : 1125.0,
    "pct1ResTime" : 213.60000000000002,
    "pct2ResTime" : 409.2999999999988,
    "pct3ResTime" : 1125.0,
    "throughput" : 0.20801072410844293,
    "receivedKBytesPerSec" : 0.28889249817990614,
    "sentKBytesPerSec" : 0.029657779023274086
  },
  "/api/v2/item/ultra-ball" : {
    "transaction" : "/api/v2/item/ultra-ball",
    "sampleCount" : 37,
    "errorCount" : 0,
    "errorPct" : 0.0,
    "meanResTime" : 51.783783783783775,
    "medianResTime" : 33.0,
    "minResTime" : 24.0,
    "maxResTime" : 461.0,
    "pct1ResTime" : 55.60000000000001,
    "pct2ResTime" : 256.70000000000033,
    "pct3ResTime" : 461.0,
    "throughput" : 0.20744677868792716,
    "receivedKBytesPerSec" : 3.948234319546532,
    "sentKBytesPerSec" : 0.027754110039302754
  },
  "/api/v2/location-area/pastoria-city-area" : {
    "transaction" : "/api/v2/location-area/pastoria-city-area",
    "sampleCount" : 36,
    "errorCount" : 0,
    "errorPct" : 0.0,
    "meanResTime" : 92.13888888888889,
    "medianResTime" : 31.5,
    "minResTime" : 26.0,
    "maxResTime" : 1093.0,
    "pct1ResTime" : 225.70000000000007,
    "pct2ResTime" : 639.0999999999992,
    "pct3ResTime" : 1093.0,
    "throughput" : 0.2110211665953493,
    "receivedKBytesPerSec" : 3.2277182621967304,
    "sentKBytesPerSec" : 0.03173560513250371
  },
  "/api/v2/item-category/choice" : {
    "transaction" : "/api/v2/item-category/choice",
    "sampleCount" : 36,
    "errorCount" : 0,
    "errorPct" : 0.0,
    "meanResTime" : 70.25,
    "medianResTime" : 24.0,
    "minResTime" : 19.0,
    "maxResTime" : 765.0,
    "pct1ResTime" : 216.60000000000005,
    "pct2ResTime" : 317.0499999999993,
    "pct3ResTime" : 765.0,
    "throughput" : 0.20793623288858082,
    "receivedKBytesPerSec" : 0.307318516071738,
    "sentKBytesPerSec" : 0.02883490729509617
  },
  "/api/v2/berry/rawst" : {
    "transaction" : "/api/v2/berry/rawst",
    "sampleCount" : 36,
    "errorCount" : 0,
    "errorPct" : 0.0,
    "meanResTime" : 42.27777777777777,
    "medianResTime" : 34.0,
    "minResTime" : 19.0,
    "maxResTime" : 100.0,
    "pct1ResTime" : 85.60000000000001,
    "pct2ResTime" : 94.89999999999999,
    "pct3ResTime" : 100.0,
    "throughput" : 0.2063486604532792,
    "receivedKBytesPerSec" : 0.3864559330971788,
    "sentKBytesPerSec" : 0.02680114437527943
  },
  "/api/v2/encounter-condition/radar" : {
    "transaction" : "/api/v2/encounter-condition/radar",
    "sampleCount" : 36,
    "errorCount" : 0,
    "errorPct" : 0.0,
    "meanResTime" : 29.305555555555554,
    "medianResTime" : 21.0,
    "minResTime" : 18.0,
    "maxResTime" : 208.0,
    "pct1ResTime" : 42.70000000000004,
    "pct2ResTime" : 75.39999999999978,
    "pct3ResTime" : 208.0,
    "throughput" : 0.21289429798105242,
    "receivedKBytesPerSec" : 0.33034306474647834,
    "sentKBytesPerSec" : 0.03056197441720186
  },
  "/api/v2/encounter-condition-value/time-night" : {
    "transaction" : "/api/v2/encounter-condition-value/time-night",
    "sampleCount" : 36,
    "errorCount" : 0,
    "errorPct" : 0.0,
    "meanResTime" : 28.833333333333336,
    "medianResTime" : 21.5,
    "minResTime" : 19.0,
    "maxResTime" : 211.0,
    "pct1ResTime" : 33.50000000000002,
    "pct2ResTime" : 70.74999999999977,
    "pct3ResTime" : 211.0,
    "throughput" : 0.21292451825827743,
    "receivedKBytesPerSec" : 0.311693215692537,
    "sentKBytesPerSec" : 0.03285358777813265
  },
  "/api/v2/item/ice-heal" : {
    "transaction" : "/api/v2/item/ice-heal",
    "sampleCount" : 36,
    "errorCount" : 0,
    "errorPct" : 0.0,
    "meanResTime" : 36.30555555555556,
    "medianResTime" : 31.5,
    "minResTime" : 24.0,
    "maxResTime" : 209.0,
    "pct1ResTime" : 38.300000000000004,
    "pct2ResTime" : 66.19999999999976,
    "pct3ResTime" : 209.0,
    "throughput" : 0.206361671758832,
    "receivedKBytesPerSec" : 3.631179475182143,
    "sentKBytesPerSec" : 0.02720588446039289
  },
  "/api/v2/encounter-method/headbutt" : {
    "transaction" : "/api/v2/encounter-method/headbutt",
    "sampleCount" : 36,
    "errorCount" : 0,
    "errorPct" : 0.0,
    "meanResTime" : 30.138888888888886,
    "medianResTime" : 21.0,
    "minResTime" : 18.0,
    "maxResTime" : 204.0,
    "pct1ResTime" : 43.50000000000002,
    "pct2ResTime" : 95.19999999999982,
    "pct3ResTime" : 204.0,
    "throughput" : 0.2131577545014773,
    "receivedKBytesPerSec" : 0.3085363667112719,
    "sentKBytesPerSec" : 0.03059979483566129
  },
  "/api/v2/item-fling-effect/burn" : {
    "transaction" : "/api/v2/item-fling-effect/burn",
    "sampleCount" : 37,
    "errorCount" : 0,
    "errorPct" : 0.0,
    "meanResTime" : 86.97297297297297,
    "medianResTime" : 20.0,
    "minResTime" : 17.0,
    "maxResTime" : 804.0,
    "pct1ResTime" : 220.2,
    "pct2ResTime" : 738.3000000000001,
    "pct3ResTime" : 804.0,
    "throughput" : 0.20924761344613854,
    "receivedKBytesPerSec" : 0.2685900333806497,
    "sentKBytesPerSec" : 0.02942544564086323
  },
  "/api/v2/item-pocket/medicine" : {
    "transaction" : "/api/v2/item-pocket/medicine",
    "sampleCount" : 37,
    "errorCount" : 0,
    "errorPct" : 0.0,
    "meanResTime" : 69.8108108108108,
    "medianResTime" : 22.0,
    "minResTime" : 18.0,
    "maxResTime" : 874.0,
    "pct1ResTime" : 208.40000000000003,
    "pct2ResTime" : 294.4000000000009,
    "pct3ResTime" : 874.0,
    "throughput" : 0.21008880510572578,
    "receivedKBytesPerSec" : 0.42534000140532374,
    "sentKBytesPerSec" : 0.029133408520520564
  },
  "/api/v2/pal-park-area/pond" : {
    "transaction" : "/api/v2/pal-park-area/pond",
    "sampleCount" : 36,
    "errorCount" : 0,
    "errorPct" : 0.0,
    "meanResTime" : 87.08333333333334,
    "medianResTime" : 26.5,
    "minResTime" : 21.0,
    "maxResTime" : 767.0,
    "pct1ResTime" : 215.50000000000006,
    "pct2ResTime" : 705.8,
    "pct3ResTime" : 767.0,
    "throughput" : 0.2113320966492122,
    "receivedKBytesPerSec" : 1.3850553352548898,
    "sentKBytesPerSec" : 0.028893060088759477
  },
  "/api/v2/item/antidote" : {
    "transaction" : "/api/v2/item/antidote",
    "sampleCount" : 36,
    "errorCount" : 0,
    "errorPct" : 0.0,
    "meanResTime" : 53.83333333333332,
    "medianResTime" : 33.0,
    "minResTime" : 25.0,
    "maxResTime" : 301.0,
    "pct1ResTime" : 117.30000000000061,
    "pct2ResTime" : 242.3499999999999,
    "pct3ResTime" : 301.0,
    "throughput" : 0.2063746847053428,
    "receivedKBytesPerSec" : 3.6553466628926854,
    "sentKBytesPerSec" : 0.02720760003439578
  },
  "/api/v2/contest-effect/9" : {
    "transaction" : "/api/v2/contest-effect/9",
    "sampleCount" : 36,
    "errorCount" : 0,
    "errorPct" : 0.0,
    "meanResTime" : 32.66666666666668,
    "medianResTime" : 22.0,
    "minResTime" : 18.0,
    "maxResTime" : 377.0,
    "pct1ResTime" : 28.300000000000004,
    "pct2ResTime" : 95.64999999999952,
    "pct3ResTime" : 377.0,
    "throughput" : 0.20634511220015478,
    "receivedKBytesPerSec" : 0.29312268040867795,
    "sentKBytesPerSec" : 0.02780822801134898
  },
  "/api/v2/encounter-condition-value/item-claw-fossil" : {
    "transaction" : "/api/v2/encounter-condition-value/item-claw-fossil",
    "sampleCount" : 36,
    "errorCount" : 0,
    "errorPct" : 0.0,
    "meanResTime" : 46.75000000000001,
    "medianResTime" : 23.0,
    "minResTime" : 19.0,
    "maxResTime" : 576.0,
    "pct1ResTime" : 49.9000000000001,
    "pct2ResTime" : 271.6999999999995,
    "pct3ResTime" : 576.0,
    "throughput" : 0.21240316480715565,
    "receivedKBytesPerSec" : 0.30997932572320325,
    "sentKBytesPerSec" : 0.03401769436364602
  },
  "/api/v2/contest-effect/7" : {
    "transaction" : "/api/v2/contest-effect/7",
    "sampleCount" : 36,
    "errorCount" : 0,
    "errorPct" : 0.0,
    "meanResTime" : 31.722222222222225,
    "medianResTime" : 23.0,
    "minResTime" : 19.0,
    "maxResTime" : 184.0,
    "pct1ResTime" : 52.0,
    "pct2ResTime" : 82.84999999999982,
    "pct3ResTime" : 184.0,
    "throughput" : 0.2063711355571734,
    "receivedKBytesPerSec" : 0.2952813562309751,
    "sentKBytesPerSec" : 0.027811735065322196
  },
  "Total" : {
    "transaction" : "Total",
    "sampleCount" : 3258,
    "errorCount" : 36,
    "errorPct" : 1.1049724,
    "meanResTime" : 52.18692449355449,
    "medianResTime" : 24.0,
    "minResTime" : 16.0,
    "maxResTime" : 1192.0,
    "pct1ResTime" : 65.0,
    "pct2ResTime" : 214.0,
    "pct3ResTime" : 701.1499999999978,
    "throughput" : 18.197457494582093,
    "receivedKBytesPerSec" : 97.48752411351627,
    "sentKBytesPerSec" : 2.55047016556726
  },
  "/api/v2/encounter-condition/weekday" : {
    "transaction" : "/api/v2/encounter-condition/weekday",
    "sampleCount" : 36,
    "errorCount" : 0,
    "errorPct" : 0.0,
    "meanResTime" : 31.999999999999993,
    "medianResTime" : 24.0,
    "minResTime" : 18.0,
    "maxResTime" : 200.0,
    "pct1ResTime" : 49.10000000000003,
    "pct2ResTime" : 80.9999999999998,
    "pct3ResTime" : 200.0,
    "throughput" : 0.2131577545014773,
    "receivedKBytesPerSec" : 0.3716094132092676,
    "sentKBytesPerSec" : 0.031016118574921987
  },
  "/api/v2/pal-park-area/sea" : {
    "transaction" : "/api/v2/pal-park-area/sea",
    "sampleCount" : 36,
    "errorCount" : 0,
    "errorPct" : 0.0,
    "meanResTime" : 83.22222222222223,
    "medianResTime" : 27.0,
    "minResTime" : 20.0,
    "maxResTime" : 752.0,
    "pct1ResTime" : 222.00000000000006,
    "pct2ResTime" : 593.8999999999997,
    "pct3ResTime" : 752.0,
    "throughput" : 0.21131224906670423,
    "receivedKBytesPerSec" : 1.6496903780288088,
    "sentKBytesPerSec" : 0.028683986933859266
  },
  "/api/v2/contest-type/cool" : {
    "transaction" : "/api/v2/contest-type/cool",
    "sampleCount" : 37,
    "errorCount" : 0,
    "errorPct" : 0.0,
    "meanResTime" : 48.405405405405396,
    "medianResTime" : 21.0,
    "minResTime" : 18.0,
    "maxResTime" : 772.0,
    "pct1ResTime" : 43.60000000000001,
    "pct2ResTime" : 274.3000000000008,
    "pct3ResTime" : 772.0,
    "throughput" : 0.20745724698626297,
    "receivedKBytesPerSec" : 0.355515839641155,
    "sentKBytesPerSec" : 0.02816070051864312
  },
  "/api/v2/berry-flavor/bitter" : {
    "transaction" : "/api/v2/berry-flavor/bitter",
    "sampleCount" : 36,
    "errorCount" : 0,
    "errorPct" : 0.0,
    "meanResTime" : 29.77777777777778,
    "medianResTime" : 25.0,
    "minResTime" : 19.0,
    "maxResTime" : 70.0,
    "pct1ResTime" : 52.800000000000026,
    "pct2ResTime" : 64.89999999999999,
    "pct3ResTime" : 70.0,
    "throughput" : 0.20636522058149132,
    "receivedKBytesPerSec" : 0.814847046111162,
    "sentKBytesPerSec" : 0.02841552353709988
  }
}