{
  "/api/v2/item-attribute/underground" : {
    "transaction" : "/api/v2/item-attribute/underground",
    "sampleCount" : 1207,
    "errorCount" : 0,
    "errorPct" : 0.0,
    "meanResTime" : 132.33057166528585,
    "medianResTime" : 125.0,
    "minResTime" : 22.0,
    "maxResTime" : 664.0,
    "pct1ResTime" : 193.20000000000005,
    "pct2ResTime" : 214.0,
    "pct3ResTime" : 282.52000000000044,
    "throughput" : 3.9247310079762756,
    "receivedKBytesPerSec" : 17.458122289960233,
    "sentKBytesPerSec" : 0.5672462784965712
  },
  "/api/v2/item-attribute/holdable" : {
    "transaction" : "/api/v2/item-attribute/holdable",
    "sampleCount" : 1208,
    "errorCount" : 0,
    "errorPct" : 0.0,
    "meanResTime" : 147.21605960264867,
    "medianResTime" : 139.0,
    "minResTime" : 23.0,
    "maxResTime" : 650.0,
    "pct1ResTime" : 203.10000000000014,
    "pct2ResTime" : 230.0,
    "pct3ResTime" : 405.3700000000006,
    "throughput" : 3.9201814706521847,
    "receivedKBytesPerSec" : 48.940445105289974,
    "sentKBytesPerSec" : 0.5551038215278972
  },
  "/api/v2/region/johto" : {
    "transaction" : "/api/v2/region/johto",
    "sampleCount" : 1203,
    "errorCount" : 0,
    "errorPct" : 0.0,
    "meanResTime" : 137.32585203657518,
    "medianResTime" : 128.0,
    "minResTime" : 23.0,
    "maxResTime" : 593.0,
    "pct1ResTime" : 192.0,
    "pct2ResTime" : 221.0,
    "pct3ResTime" : 424.6800000000003,
    "throughput" : 3.91172444291256,
    "receivedKBytesPerSec" : 27.62084445326904,
    "sentKBytesPerSec" : 0.5118858157717608
  },
  "/api/v2/region/paldea" : {
    "transaction" : "/api/v2/region/paldea",
    "sampleCount" : 1203,
    "errorCount" : 0,
    "errorPct" : 0.0,
    "meanResTime" : 137.1271820448876,
    "medianResTime" : 130.0,
    "minResTime" : 22.0,
    "maxResTime" : 590.0,
    "pct1ResTime" : 194.60000000000014,
    "pct2ResTime" : 220.79999999999995,
    "pct3ResTime" : 369.9200000000001,
    "throughput" : 3.917711769744063,
    "receivedKBytesPerSec" : 25.2315913546555,
    "sentKBytesPerSec" : 0.5164952040189926
  },
  "/api/v2/item/poke-ball" : {
    "transaction" : "/api/v2/item/poke-ball",
    "sampleCount" : 1208,
    "errorCount" : 0,
    "errorPct" : 0.0,
    "meanResTime" : 156.4718543046356,
    "medianResTime" : 147.0,
    "minResTime" : 33.0,
    "maxResTime" : 796.0,
    "pct1ResTime" : 214.0,
    "pct2ResTime" : 242.0,
    "pct3ResTime" : 426.1000000000008,
    "throughput" : 3.9218359906369415,
    "receivedKBytesPerSec" : 76.06305840711124,
    "sentKBytesPerSec" : 0.5208688425064687
  },
  "/api/v2/super-contest-effect/3" : {
    "transaction" : "/api/v2/super-contest-effect/3",
    "sampleCount" : 1210,
    "errorCount" : 1210,
    "errorPct" : 100.0,
    "meanResTime" : 119.7264462809915,
    "medianResTime" : 116.0,
    "minResTime" : 17.0,
    "maxResTime" : 504.0,
    "pct1ResTime" : 182.0,
    "pct2ResTime" : 209.0,
    "pct3ResTime" : 296.7900000000011,
    "throughput" : 3.921771992713931,
    "receivedKBytesPerSec" : 3.7950734106694886,
    "sentKBytesPerSec" : 0.5514991864753965
  },
  "/api/v2/super-contest-effect/1" : {
    "transaction" : "/api/v2/super-contest-effect/1",
    "sampleCount" : 1209,
    "errorCount" : 0,
    "errorPct" : 0.0,
    "meanResTime" : 126.07278742762628,
    "medianResTime" : 119.0,
    "minResTime" : 19.0,
    "maxResTime" : 622.0,
    "pct1ResTime" : 188.0,
    "pct2ResTime" : 208.0,
    "pct3ResTime" : 400.50000000000045,
    "throughput" : 3.9036518032998613,
    "receivedKBytesPerSec" : 8.961593481603758,
    "sentKBytesPerSec" : 0.5489510348390431
  },
  "/api/v2/berry/razz" : {
    "transaction" : "/api/v2/berry/razz",
    "sampleCount" : 1211,
    "errorCount" : 0,
    "errorPct" : 0.0,
    "meanResTime" : 125.10322047894297,
    "medianResTime" : 117.0,
    "minResTime" : 17.0,
    "maxResTime" : 1725.0,
    "pct1ResTime" : 186.79999999999995,
    "pct2ResTime" : 210.1999999999996,
    "pct3ResTime" : 407.75999999999385,
    "throughput" : 3.9141283549671617,
    "receivedKBytesPerSec" : 7.42364510475384,
    "sentKBytesPerSec" : 0.5045556082574857
  },
  "/api/v2/item-pocket/battle" : {
    "transaction" : "/api/v2/item-pocket/battle",
    "sampleCount" : 1207,
    "errorCount" : 0,
    "errorPct" : 0.0,
    "meanResTime" : 142.72493786246878,
    "medianResTime" : 114.0,
    "minResTime" : 17.0,
    "maxResTime" : 29110.0,
    "pct1ResTime" : 180.0,
    "pct2ResTime" : 204.0,
    "pct3ResTime" : 296.9200000000001,
    "throughput" : 3.9254330334783822,
    "receivedKBytesPerSec" : 7.163633892593712,
    "sentKBytesPerSec" : 0.5366802975458725
  },
  "/api/v2/contest-effect/5" : {
    "transaction" : "/api/v2/contest-effect/5",
    "sampleCount" : 1210,
    "errorCount" : 0,
    "errorPct" : 0.0,
    "meanResTime" : 123.18677685950409,
    "medianResTime" : 118.0,
    "minResTime" : 18.0,
    "maxResTime" : 593.0,
    "pct1ResTime" : 184.0,
    "pct2ResTime" : 211.45000000000005,
    "pct3ResTime" : 329.8900000000001,
    "throughput" : 3.931928887329115,
    "receivedKBytesPerSec" : 5.574317771749903,
    "sentKBytesPerSec" : 0.5298888539564628
  },
  "/api/v2/item-attribute/usable-overworld" : {
    "transaction" : "/api/v2/item-attribute/usable-overworld",
    "sampleCount" : 1208,
    "errorCount" : 0,
    "errorPct" : 0.0,
    "meanResTime" : 133.9677152317882,
    "medianResTime" : 128.0,
    "minResTime" : 19.0,
    "maxResTime" : 672.0,
    "pct1ResTime" : 191.0,
    "pct2ResTime" : 219.0,
    "pct3ResTime" : 321.5600000000013,
    "throughput" : 3.927127085473531,
    "receivedKBytesPerSec" : 15.361642678167385,
    "sentKBytesPerSec" : 0.586768011794385
  },
  "/api/v2/contest-effect/3" : {
    "transaction" : "/api/v2/contest-effect/3",
    "sampleCount" : 1210,
    "errorCount" : 0,
    "errorPct" : 0.0,
    "meanResTime" : 121.98181818181826,
    "medianResTime" : 116.0,
    "minResTime" : 17.0,
    "maxResTime" : 979.0,
    "pct1ResTime" : 183.0,
    "pct2ResTime" : 207.45000000000005,
    "pct3ResTime" : 305.9100000000019,
    "throughput" : 3.9202726695436927,
    "receivedKBytesPerSec" : 5.71459853046473,
    "sentKBytesPerSec" : 0.5283179964814743
  },
  "/api/v2/contest-effect/1" : {
    "transaction" : "/api/v2/contest-effect/1",
    "sampleCount" : 1209,
    "errorCount" : 0,
    "errorPct" : 0.0,
    "meanResTime" : 123.2977667493796,
    "medianResTime" : 118.0,
    "minResTime" : 15.0,
    "maxResTime" : 848.0,
    "pct1ResTime" : 182.0,
    "pct2ResTime" : 210.0,
    "pct3ResTime" : 347.8000000000002,
    "throughput" : 3.903714825398363,
    "receivedKBytesPerSec" : 5.465464363265043,
    "sentKBytesPerSec" : 0.5260865682665763
  },
  "/api/v2/location-area/sunyshore-city-area" : {
    "transaction" : "/api/v2/location-area/sunyshore-city-area",
    "sampleCount" : 1204,
    "errorCount" : 0,
    "errorPct" : 0.0,
    "meanResTime" : 152.07973421926906,
    "medianResTime" : 143.0,
    "minResTime" : 29.0,
    "maxResTime" : 926.0,
    "pct1ResTime" : 206.0,
    "pct2ResTime" : 235.75,
    "pct3ResTime" : 379.7000000000003,
    "throughput" : 3.9190667152752456,
    "receivedKBytesPerSec" : 59.95188950933545,
    "sentKBytesPerSec" : 0.5932181063160773
  },
  "/api/v2/encounter-method/gift" : {
    "transaction" : "/api/v2/encounter-method/gift",
    "sampleCount" : 1202,
    "errorCount" : 0,
    "errorPct" : 0.0,
    "meanResTime" : 119.95424292845254,
    "medianResTime" : 115.0,
    "minResTime" : 18.0,
    "maxResTime" : 509.0,
    "pct1ResTime" : 181.0,
    "pct2ResTime" : 207.0,
    "pct3ResTime" : 306.49000000000046,
    "throughput" : 3.919215895974489,
    "receivedKBytesPerSec" : 5.154599586640104,
    "sentKBytesPerSec" : 0.547312376098
  },
  "/api/v2/encounter-method/walk" : {
    "transaction" : "/api/v2/encounter-method/walk",
    "sampleCount" : 1202,
    "errorCount" : 0,
    "errorPct" : 0.0,
    "meanResTime" : 119.38019966722139,
    "medianResTime" : 115.0,
    "minResTime" : 18.0,
    "maxResTime" : 549.0,
    "pct1ResTime" : 181.70000000000005,
    "pct2ResTime" : 205.0,
    "pct3ResTime" : 266.0,
    "throughput" : 3.905501168076264,
    "receivedKBytesPerSec" : 5.766729260554113,
    "sentKBytesPerSec" : 0.5453971357762752
  },
  "/api/v2/item-category/collectibles" : {
    "transaction" : "/api/v2/item-category/collectibles",
    "sampleCount" : 1207,
    "errorCount" : 0,
    "errorPct" : 0.0,
    "meanResTime" : 126.3429991714997,
    "medianResTime" : 119.0,
    "minResTime" : 20.0,
    "maxResTime" : 565.0,
    "pct1ResTime" : 186.0,
    "pct2ResTime" : 217.5999999999999,
    "pct3ResTime" : 372.0400000000009,
    "throughput" : 3.9291771515256078,
    "receivedKBytesPerSec" : 8.435389252422775,
    "sentKBytesPerSec" : 0.5678888851814355
  },
  "/api/v2/berry-firmness/soft" : {
    "transaction" : "/api/v2/berry-firmness/soft",
    "sampleCount" : 1211,
    "errorCount" : 0,
    "errorPct" : 0.0,
    "meanResTime" : 127.0437654830718,
    "medianResTime" : 122.0,
    "minResTime" : 19.0,
    "maxResTime" : 512.0,
    "pct1ResTime" : 185.0,
    "pct2ResTime" : 210.39999999999986,
    "pct3ResTime" : 335.0799999999981,
    "throughput" : 3.916115575533171,
    "receivedKBytesPerSec" : 10.734071453546655,
    "sentKBytesPerSec" : 0.5392307579591572
  },
  "/api/v2/item-category/evolution" : {
    "transaction" : "/api/v2/item-category/evolution",
    "sampleCount" : 1207,
    "errorCount" : 0,
    "errorPct" : 0.0,
    "meanResTime" : 129.55758077879057,
    "medianResTime" : 124.0,
    "minResTime" : 20.0,
    "maxResTime" : 634.0,
    "pct1ResTime" : 186.20000000000005,
    "pct2ResTime" : 212.0,
    "pct3ResTime" : 398.84000000000196,
    "throughput" : 3.9237613494878305,
    "receivedKBytesPerSec" : 14.042651475839772,
    "sentKBytesPerSec" : 0.5556107379645854
  },
  "/api/v2/contest-type/cute" : {
    "transaction" : "/api/v2/contest-type/cute",
    "sampleCount" : 1210,
    "errorCount" : 0,
    "errorPct" : 0.0,
    "meanResTime" : 126.12561983471099,
    "medianResTime" : 120.0,
    "minResTime" : 18.0,
    "maxResTime" : 644.0,
    "pct1ResTime" : 186.0,
    "pct2ResTime" : 217.45000000000005,
    "pct3ResTime" : 390.7800000000002,
    "throughput" : 3.9321461068503836,
    "receivedKBytesPerSec" : 6.744444269546991,
    "sentKBytesPerSec" : 0.5337581141134797
  },
  "/api/v2/super-contest-effect/7" : {
    "transaction" : "/api/v2/super-contest-effect/7",
    "sampleCount" : 1209,
    "errorCount" : 0,
    "errorPct" : 0.0,
    "meanResTime" : 126.9991728701406,
    "medianResTime" : 121.0,
    "minResTime" : 20.0,
    "maxResTime" : 576.0,
    "pct1ResTime" : 188.0,
    "pct2ResTime" : 213.0,
    "pct3ResTime" : 371.50000000000045,
    "throughput" : 3.9198394454513323,
    "receivedKBytesPerSec" : 11.223184845232808,
    "sentKBytesPerSec" : 0.5512274220165937
  },
  "/api/v2/encounter-method/purple-flowers" : {
    "transaction" : "/api/v2/encounter-method/purple-flowers",
    "sampleCount" : 1202,
    "errorCount" : 0,
    "errorPct" : 0.0,
    "meanResTime" : 121.31031613976707,
    "medianResTime" : 116.0,
    "minResTime" : 17.0,
    "maxResTime" : 563.0,
    "pct1ResTime" : 181.0,
    "pct2ResTime" : 213.69999999999982,
    "pct3ResTime" : 323.52000000000044,
    "throughput" : 3.914914129192166,
    "receivedKBytesPerSec" : 5.730341816054405,
    "sentKBytesPerSec" : 0.5849432243812513
  },
  "/api/v2/super-contest-effect/5" : {
    "transaction" : "/api/v2/super-contest-effect/5",
    "sampleCount" : 1210,
    "errorCount" : 0,
    "errorPct" : 0.0,
    "meanResTime" : 134.77355371900808,
    "medianResTime" : 128.0,
    "minResTime" : 21.0,
    "maxResTime" : 617.0,
    "pct1ResTime" : 191.9000000000001,
    "pct2ResTime" : 218.0,
    "pct3ResTime" : 370.2300000000007,
    "throughput" : 3.930613305613306,
    "receivedKBytesPerSec" : 22.71590203108758,
    "sentKBytesPerSec" : 0.5527424961018711
  },
  "/api/v2/berry-firmness/very-hard" : {
    "transaction" : "/api/v2/berry-firmness/very-hard",
    "sampleCount" : 1210,
    "errorCount" : 0,
    "errorPct" : 0.0,
    "meanResTime" : 127.07355371900833,
    "medianResTime" : 122.0,
    "minResTime" : 20.0,
    "maxResTime" : 520.0,
    "pct1ResTime" : 186.9000000000001,
    "pct2ResTime" : 212.0,
    "pct3ResTime" : 282.1200000000008,
    "throughput" : 3.9239849526527433,
    "receivedKBytesPerSec" : 9.193254738779348,
    "sentKBytesPerSec" : 0.5594744170774419
  },
  "/api/v2/contest-type/beauty" : {
    "transaction" : "/api/v2/contest-type/beauty",
    "sampleCount" : 1210,
    "errorCount" : 0,
    "errorPct" : 0.0,
    "meanResTime" : 124.47520661157043,
    "medianResTime" : 119.0,
    "minResTime" : 17.0,
    "maxResTime" : 619.0,
    "pct1ResTime" : 186.0,
    "pct2ResTime" : 214.45000000000005,
    "pct3ResTime" : 348.900000000001,
    "throughput" : 3.9209967757092627,
    "receivedKBytesPerSec" : 6.738567641244997,
    "sentKBytesPerSec" : 0.5399028763427793
  },
  "/api/v2/item-fling-effect/paralyze" : {
    "transaction" : "/api/v2/item-fling-effect/paralyze",
    "sampleCount" : 1208,
    "errorCount" : 0,
    "errorPct" : 0.0,
    "meanResTime" : 120.86341059602654,
    "medianResTime" : 115.0,
    "minResTime" : 16.0,
    "maxResTime" : 1399.0,
    "pct1ResTime" : 178.0,
    "pct2ResTime" : 203.54999999999995,
    "pct3ResTime" : 350.28000000000065,
    "throughput" : 3.919927053013119,
    "receivedKBytesPerSec" : 5.0821089645616535,
    "sentKBytesPerSec" : 0.5665519568808024
  },
  "/api/v2/encounter-condition-value/season-winter" : {
    "transaction" : "/api/v2/encounter-condition-value/season-winter",
    "sampleCount" : 1202,
    "errorCount" : 0,
    "errorPct" : 0.0,
    "meanResTime" : 122.08818635607342,
    "medianResTime" : 116.0,
    "minResTime" : 20.0,
    "maxResTime" : 548.0,
    "pct1ResTime" : 182.0,
    "pct2ResTime" : 209.8499999999999,
    "pct3ResTime" : 334.40000000000055,
    "throughput" : 3.917299996089218,
    "receivedKBytesPerSec" : 5.77544977048598,
    "sentKBytesPerSec" : 0.6159036126663712
  },
  "/api/v2/berry-flavor/sweet" : {
    "transaction" : "/api/v2/berry-flavor/sweet",
    "sampleCount" : 1211,
    "errorCount" : 0,
    "errorPct" : 0.0,
    "meanResTime" : 130.51362510322028,
    "medianResTime" : 124.0,
    "minResTime" : 19.0,
    "maxResTime" : 557.0,
    "pct1ResTime" : 189.79999999999995,
    "pct2ResTime" : 216.0,
    "pct3ResTime" : 315.43999999999846,
    "throughput" : 3.9266930824054316,
    "receivedKBytesPerSec" : 15.801714234789333,
    "sentKBytesPerSec" : 0.5368525698601176
  },
  "/api/v2/region/unova" : {
    "transaction" : "/api/v2/region/unova",
    "sampleCount" : 1203,
    "errorCount" : 0,
    "errorPct" : 0.0,
    "meanResTime" : 144.06816292601872,
    "medianResTime" : 133.0,
    "minResTime" : 26.0,
    "maxResTime" : 1926.0,
    "pct1ResTime" : 201.0,
    "pct2ResTime" : 224.79999999999995,
    "pct3ResTime" : 427.3200000000006,
    "throughput" : 3.908420160040546,
    "receivedKBytesPerSec" : 42.75488770805108,
    "sentKBytesPerSec" : 0.5114534193803059
  },
  "/api/v2/super-contest-effect/9" : {
    "transaction" : "/api/v2/super-contest-effect/9",
    "sampleCount" : 1209,
    "errorCount" : 0,
    "errorPct" : 0.0,
    "meanResTime" : 122.40942928039702,
    "medianResTime" : 116.0,
    "minResTime" : 17.0,
    "maxResTime" : 577.0,
    "pct1ResTime" : 182.0,
    "pct2ResTime" : 209.0,
    "pct3ResTime" : 394.7000000000048,
    "throughput" : 3.9288070270077045,
    "receivedKBytesPerSec" : 7.476946769173651,
    "sentKBytesPerSec" : 0.5524884881729586
  },
  "/api/v2/berry-flavor/spicy" : {
    "transaction" : "/api/v2/berry-flavor/spicy",
    "sampleCount" : 1211,
    "errorCount" : 0,
    "errorPct" : 0.0,
    "meanResTime" : 132.0660611065233,
    "medianResTime" : 124.0,
    "minResTime" : 21.0,
    "maxResTime" : 633.0,
    "pct1ResTime" : 191.79999999999995,
    "pct2ResTime" : 221.39999999999986,
    "pct3ResTime" : 386.75999999999976,
    "throughput" : 3.9089987669384567,
    "receivedKBytesPerSec" : 15.729298683133848,
    "sentKBytesPerSec" : 0.5344334251673671
  },
  "/api/v2/item-fling-effect/poison" : {
    "transaction" : "/api/v2/item-fling-effect/poison",
    "sampleCount" : 1207,
    "errorCount" : 0,
    "errorPct" : 0.0,
    "meanResTime" : 122.09113504556748,
    "medianResTime" : 118.0,
    "minResTime" : 17.0,
    "maxResTime" : 519.0,
    "pct1ResTime" : 183.20000000000005,
    "pct2ResTime" : 210.5999999999999,
    "pct3ResTime" : 331.52000000000044,
    "throughput" : 3.926697312473364,
    "receivedKBytesPerSec" : 5.07901901394189,
    "sentKBytesPerSec" : 0.5598611402549913
  },
  "/api/v2/encounter-method/surf" : {
    "transaction" : "/api/v2/encounter-method/surf",
    "sampleCount" : 1203,
    "errorCount" : 0,
    "errorPct" : 0.0,
    "meanResTime" : 118.90939318370748,
    "medianResTime" : 114.0,
    "minResTime" : 17.0,
    "maxResTime" : 553.0,
    "pct1ResTime" : 179.0,
    "pct2ResTime" : 197.0,
    "pct3ResTime" : 305.40000000000055,
    "throughput" : 3.9126913657341906,
    "receivedKBytesPerSec" : 5.4173156310881705,
    "sentKBytesPerSec" : 0.5464012356445207
  },
  "/api/v2/item-attribute/countable" : {
    "transaction" : "/api/v2/item-attribute/countable",
    "sampleCount" : 1208,
    "errorCount" : 0,
    "errorPct" : 0.0,
    "meanResTime" : 136.29801324503308,
    "medianResTime" : 127.0,
    "minResTime" : 29.0,
    "maxResTime" : 784.0,
    "pct1ResTime" : 197.10000000000014,
    "pct2ResTime" : 222.0,
    "pct3ResTime" : 343.0200000000018,
    "throughput" : 3.907197588405197,
    "receivedKBytesPerSec" : 22.594658017113396,
    "sentKBytesPerSec" : 0.5570809061593347
  },
  "/api/v2/location/eterna-forest" : {
    "transaction" : "/api/v2/location/eterna-forest",
    "sampleCount" : 1206,
    "errorCount" : 0,
    "errorPct" : 0.0,
    "meanResTime" : 120.55058043117734,
    "medianResTime" : 115.0,
    "minResTime" : 17.0,
    "maxResTime" : 1386.0,
    "pct1ResTime" : 177.0,
    "pct2ResTime" : 200.0,
    "pct3ResTime" : 351.51000000000045,
    "throughput" : 3.9115839320175794,
    "receivedKBytesPerSec" : 6.1909529924752285,
    "sentKBytesPerSec" : 0.5500664904399721
  },
  "/api/v2/location/pinwheel-forest" : {
    "transaction" : "/api/v2/location/pinwheel-forest",
    "sampleCount" : 1205,
    "errorCount" : 0,
    "errorPct" : 0.0,
    "meanResTime" : 128.08298755186712,
    "medianResTime" : 119.0,
    "minResTime" : 22.0,
    "maxResTime" : 1388.0,
    "pct1ResTime" : 188.0,
    "pct2ResTime" : 216.0,
    "pct3ResTime" : 402.7000000000003,
    "throughput" : 3.9177691149743312,
    "receivedKBytesPerSec" : 7.124315431824315,
    "sentKBytesPerSec" : 0.5585881745959497
  },
  "/api/v2/encounter-condition/season" : {
    "transaction" : "/api/v2/encounter-condition/season",
    "sampleCount" : 1202,
    "errorCount" : 0,
    "errorPct" : 0.0,
    "meanResTime" : 124.97504159733782,
    "medianResTime" : 118.5,
    "minResTime" : 17.0,
    "maxResTime" : 557.0,
    "pct1ResTime" : 185.70000000000005,
    "pct2ResTime" : 209.8499999999999,
    "pct3ResTime" : 330.28000000000065,
    "throughput" : 3.9180789026771365,
    "receivedKBytesPerSec" : 6.786937957774714,
    "sentKBytesPerSec" : 0.5662848414025549
  },
  "/api/v2/location/chargestone-cave" : {
    "transaction" : "/api/v2/location/chargestone-cave",
    "sampleCount" : 1206,
    "errorCount" : 0,
    "errorPct" : 0.0,
    "meanResTime" : 126.86733001658368,
    "medianResTime" : 120.0,
    "minResTime" : 18.0,
    "maxResTime" : 581.0,
    "pct1ResTime" : 185.29999999999995,
    "pct2ResTime" : 209.64999999999986,
    "pct3ResTime" : 368.0,
    "throughput" : 3.9187524979610138,
    "receivedKBytesPerSec" : 7.841192280853678,
    "sentKBytesPerSec" : 0.5625552902346378
  },
  "/api/v2/berry/pinap" : {
    "transaction" : "/api/v2/berry/pinap",
    "sampleCount" : 1211,
    "errorCount" : 0,
    "errorPct" : 0.0,
    "meanResTime" : 122.05119735755578,
    "medianResTime" : 117.0,
    "minResTime" : 17.0,
    "maxResTime" : 636.0,
    "pct1ResTime" : 180.0,
    "pct2ResTime" : 206.0,
    "pct3ResTime" : 366.0,
    "throughput" : 3.912370651081798,
    "receivedKBytesPerSec" : 7.358208870840078,
    "sentKBytesPerSec" : 0.50814970370496
  },
  "/api/v2/location-area/valley-windworks-area" : {
    "transaction" : "/api/v2/location-area/valley-windworks-area",
    "sampleCount" : 1204,
    "errorCount" : 0,
    "errorPct" : 0.0,
    "meanResTime" : 180.08305647840498,
    "medianResTime" : 169.0,
    "minResTime" : 36.0,
    "maxResTime" : 1193.0,
    "pct1ResTime" : 240.0,
    "pct2ResTime" : 266.0,
    "pct3ResTime" : 494.6500000000003,
    "throughput" : 3.9174982673855254,
    "receivedKBytesPerSec" : 138.6677824100586,
    "sentKBytesPerSec" : 0.6006320585737573
  },
  "/api/v2/item-fling-effect/berry-effect" : {
    "transaction" : "/api/v2/item-fling-effect/berry-effect",
    "sampleCount" : 1207,
    "errorCount" : 0,
    "errorPct" : 0.0,
    "meanResTime" : 129.21043910521948,
    "medianResTime" : 121.0,
    "minResTime" : 21.0,
    "maxResTime" : 568.0,
    "pct1ResTime" : 190.20000000000005,
    "pct2ResTime" : 214.5999999999999,
    "pct3ResTime" : 393.0,
    "throughput" : 3.927463938592295,
    "receivedKBytesPerSec" : 11.417105969330315,
    "sentKBytesPerSec" : 0.5829829283847939
  },
  "/api/v2/berry-firmness/super-hard" : {
    "transaction" : "/api/v2/berry-firmness/super-hard",
    "sampleCount" : 1211,
    "errorCount" : 0,
    "errorPct" : 0.0,
    "meanResTime" : 126.0148637489676,
    "medianResTime" : 120.0,
    "minResTime" : 21.0,
    "maxResTime" : 674.0,
    "pct1ResTime" : 186.0,
    "pct2ResTime" : 209.0,
    "pct3ResTime" : 281.91999999999894,
    "throughput" : 3.932954652480749,
    "receivedKBytesPerSec" : 9.497182982663821,
    "sentKBytesPerSec" : 0.5645940760885451
  },
  "/api/v2/berry-flavor/sour" : {
    "transaction" : "/api/v2/berry-flavor/sour",
    "sampleCount" : 1210,
    "errorCount" : 0,
    "errorPct" : 0.0,
    "meanResTime" : 130.85206611570206,
    "medianResTime" : 124.0,
    "minResTime" : 24.0,
    "maxResTime" : 676.0,
    "pct1ResTime" : 188.9000000000001,
    "pct2ResTime" : 217.0,
    "pct3ResTime" : 300.7800000000002,
    "throughput" : 3.9330791459042347,
    "receivedKBytesPerSec" : 15.542661947987467,
    "sentKBytesPerSec" : 0.5338847668756724
  },
  "/api/v2/item-pocket/pokeballs" : {
    "transaction" : "/api/v2/item-pocket/pokeballs",
    "sampleCount" : 1207,
    "errorCount" : 0,
    "errorPct" : 0.0,
    "meanResTime" : 125.14250207125093,
    "medianResTime" : 120.0,
    "minResTime" : 18.0,
    "maxResTime" : 750.0,
    "pct1ResTime" : 189.0,
    "pct2ResTime" : 216.5999999999999,
    "pct3ResTime" : 341.84000000000015,
    "throughput" : 3.921377517868746,
    "receivedKBytesPerSec" : 7.090871710526316,
    "sentKBytesPerSec" : 0.5476142432179987
  },
  "/api/v2/location-area/fuego-ironworks-area" : {
    "transaction" : "/api/v2/location-area/fuego-ironworks-area",
    "sampleCount" : 1205,
    "errorCount" : 0,
    "errorPct" : 0.0,
    "meanResTime" : 171.33526970954347,
    "medianResTime" : 162.0,
    "minResTime" : 47.0,
    "maxResTime" : 743.0,
    "pct1ResTime" : 229.0,
    "pct2ResTime" : 257.70000000000005,
    "pct3ResTime" : 453.86000000000104,
    "throughput" : 3.9218366563169234,
    "receivedKBytesPerSec" : 116.2173609568549,
    "sentKBytesPerSec" : 0.5974673031107812
  },
  "/api/v2/location/spring-path" : {
    "transaction" : "/api/v2/location/spring-path",
    "sampleCount" : 1205,
    "errorCount" : 0,
    "errorPct" : 0.0,
    "meanResTime" : 124.04564315352701,
    "medianResTime" : 119.0,
    "minResTime" : 18.0,
    "maxResTime" : 644.0,
    "pct1ResTime" : 178.4000000000001,
    "pct2ResTime" : 203.70000000000005,
    "pct3ResTime" : 359.3400000000006,
    "throughput" : 3.91869918699187,
    "receivedKBytesPerSec" : 5.8733581046747965,
    "sentKBytesPerSec" : 0.5434133638211383
  },
  "/api/v2/encounter-condition-value/slot2-ruby" : {
    "transaction" : "/api/v2/encounter-condition-value/slot2-ruby",
    "sampleCount" : 1201,
    "errorCount" : 0,
    "errorPct" : 0.0,
    "meanResTime" : 123.5220649458784,
    "medianResTime" : 117.0,
    "minResTime" : 18.0,
    "maxResTime" : 459.0,
    "pct1ResTime" : 186.0,
    "pct2ResTime" : 211.89999999999986,
    "pct3ResTime" : 355.0,
    "throughput" : 3.9160191594742555,
    "receivedKBytesPerSec" : 5.827055257932303,
    "sentKBytesPerSec" : 0.6042295187470043
  },
  "/api/v2/pal-park-area/forest" : {
    "transaction" : "/api/v2/pal-park-area/forest",
    "sampleCount" : 1203,
    "errorCount" : 0,
    "errorPct" : 0.0,
    "meanResTime" : 149.53699085619274,
    "medianResTime" : 141.0,
    "minResTime" : 24.0,
    "maxResTime" : 783.0,
    "pct1ResTime" : 207.60000000000014,
    "pct2ResTime" : 236.79999999999995,
    "pct3ResTime" : 402.6800000000003,
    "throughput" : 3.908750337101286,
    "receivedKBytesPerSec" : 48.00798587362844,
    "sentKBytesPerSec" : 0.5420337381527174
  },
  "/api/v2/region/alola" : {
    "transaction" : "/api/v2/region/alola",
    "sampleCount" : 1203,
    "errorCount" : 0,
    "errorPct" : 0.0,
    "meanResTime" : 137.88944305901884,
    "medianResTime" : 130.0,
    "minResTime" : 23.0,
    "maxResTime" : 593.0,
    "pct1ResTime" : 194.0,
    "pct2ResTime" : 218.79999999999995,
    "pct3ResTime" : 387.0,
    "throughput" : 3.91563323894151,
    "receivedKBytesPerSec" : 36.673890362065876,
    "sentKBytesPerSec" : 0.5123973183771116
  },
  "/api/v2/encounter-condition/swarm" : {
    "transaction" : "/api/v2/encounter-condition/swarm",
    "sampleCount" : 1201,
    "errorCount" : 0,
    "errorPct" : 0.0,
    "meanResTime" : 125.63280599500409,
    "medianResTime" : 120.0,
    "minResTime" : 18.0,
    "maxResTime" : 643.0,
    "pct1ResTime" : 184.0,
    "pct2ResTime" : 207.89999999999986,
    "pct3ResTime" : 355.82000000000016,
    "throughput" : 3.9101798161792236,
    "receivedKBytesPerSec" : 6.028690939314075,
    "sentKBytesPerSec" : 0.561324641580416
  },
  "/api/v2/item-category/training" : {
    "transaction" : "/api/v2/item-category/training",
    "sampleCount" : 1208,
    "errorCount" : 0,
    "errorPct" : 0.0,
    "meanResTime" : 121.74420529801328,
    "medianResTime" : 115.0,
    "minResTime" : 16.0,
    "maxResTime" : 614.0,
    "pct1ResTime" : 182.0,
    "pct2ResTime" : 206.0,
    "pct3ResTime" : 383.30000000000246,
    "throughput" : 3.9190114228801494,
    "receivedKBytesPerSec" : 7.07869917532061,
    "sentKBytesPerSec" : 0.551110981342521
  },
  "/api/v2/contest-type/tough" : {
    "transaction" : "/api/v2/contest-type/tough",
    "sampleCount" : 1210,
    "errorCount" : 0,
    "errorPct" : 0.0,
    "meanResTime" : 125.09917355371907,
    "medianResTime" : 119.0,
    "minResTime" : 17.0,
    "maxResTime" : 558.0,
    "pct1ResTime" : 184.0,
    "pct2ResTime" : 214.0,
    "pct3ResTime" : 359.8900000000001,
    "throughput" : 3.9318777803412606,
    "receivedKBytesPerSec" : 6.7570390970004,
    "sentKBytesPerSec" : 0.5375614152810319
  },
  "/api/v2/berry-flavor/dry" : {
    "transaction" : "/api/v2/berry-flavor/dry",
    "sampleCount" : 1211,
    "errorCount" : 0,
    "errorPct" : 0.0,
    "meanResTime" : 132.95210569777058,
    "medianResTime" : 128.0,
    "minResTime" : 20.0,
    "maxResTime" : 566.0,
    "pct1ResTime" : 190.0,
    "pct2ResTime" : 215.39999999999986,
    "pct3ResTime" : 353.5599999999986,
    "throughput" : 3.9150394413552303,
    "receivedKBytesPerSec" : 16.077804614759795,
    "sentKBytesPerSec" : 0.5276127372138886
  },
  "/api/v2/pal-park-area/mountain" : {
    "transaction" : "/api/v2/pal-park-area/mountain",
    "sampleCount" : 1204,
    "errorCount" : 0,
    "errorPct" : 0.0,
    "meanResTime" : 156.4186046511628,
    "medianResTime" : 147.0,
    "minResTime" : 35.0,
    "maxResTime" : 792.0,
    "pct1ResTime" : 220.0,
    "pct2ResTime" : 249.0,
    "pct3ResTime" : 424.9000000000001,
    "throughput" : 3.9174600282421537,
    "receivedKBytesPerSec" : 69.79034400195873,
    "sentKBytesPerSec" : 0.5508928164715529
  },
  "/api/v2/region/hisui" : {
    "transaction" : "/api/v2/region/hisui",
    "sampleCount" : 1203,
    "errorCount" : 0,
    "errorPct" : 0.0,
    "meanResTime" : 121.70241064006653,
    "medianResTime" : 116.0,
    "minResTime" : 18.0,
    "maxResTime" : 529.0,
    "pct1ResTime" : 182.0,
    "pct2ResTime" : 209.0,
    "pct3ResTime" : 358.7600000000002,
    "throughput" : 3.916908149643473,
    "receivedKBytesPerSec" : 7.932664913880116,
    "sentKBytesPerSec" : 0.5125641523947514
  },
  "/api/v2/item-category/plates" : {
    "transaction" : "/api/v2/item-category/plates",
    "sampleCount" : 1208,
    "errorCount" : 0,
    "errorPct" : 0.0,
    "meanResTime" : 125.86175496688752,
    "medianResTime" : 120.0,
    "minResTime" : 19.0,
    "maxResTime" : 650.0,
    "pct1ResTime" : 182.0,
    "pct2ResTime" : 204.0,
    "pct3ResTime" : 328.20000000000164,
    "throughput" : 3.912753373454171,
    "receivedKBytesPerSec" : 9.876429072032883,
    "sentKBytesPerSec" : 0.5425888467094652
  },
  "/api/v2/item/premier-ball" : {
    "transaction" : "/api/v2/item/premier-ball",
    "sampleCount" : 1208,
    "errorCount" : 0,
    "errorPct" : 0.0,
    "meanResTime" : 158.1208609271522,
    "medianResTime" : 146.0,
    "minResTime" : 31.0,
    "maxResTime" : 2591.0,
    "pct1ResTime" : 213.0,
    "pct2ResTime" : 240.0,
    "pct3ResTime" : 442.19000000000074,
    "throughput" : 3.9277144473562706,
    "receivedKBytesPerSec" : 72.54646633724371,
    "sentKBytesPerSec" : 0.5331565509594939
  },
  "/api/v2/encounter-condition/starter" : {
    "transaction" : "/api/v2/encounter-condition/starter",
    "sampleCount" : 1201,
    "errorCount" : 0,
    "errorPct" : 0.0,
    "meanResTime" : 122.32972522897585,
    "medianResTime" : 118.0,
    "minResTime" : 17.0,
    "maxResTime" : 607.0,
    "pct1ResTime" : 181.0,
    "pct2ResTime" : 207.79999999999973,
    "pct3ResTime" : 327.8800000000001,
    "throughput" : 3.916938721597302,
    "receivedKBytesPerSec" : 6.891212459273295,
    "sentKBytesPerSec" : 0.5699451850761699
  },
  "/api/v2/location-area/eterna-forest-area" : {
    "transaction" : "/api/v2/location-area/eterna-forest-area",
    "sampleCount" : 1206,
    "errorCount" : 0,
    "errorPct" : 0.0,
    "meanResTime" : 173.3515754560532,
    "medianResTime" : 163.0,
    "minResTime" : 46.0,
    "maxResTime" : 713.0,
    "pct1ResTime" : 231.29999999999995,
    "pct2ResTime" : 261.0,
    "pct3ResTime" : 467.16000000000076,
    "throughput" : 3.9100367335955153,
    "receivedKBytesPerSec" : 115.78051317003148,
    "sentKBytesPerSec" : 0.5880328681383881
  },
  "/api/v2/encounter-condition-value/swarm-yes" : {
    "transaction" : "/api/v2/encounter-condition-value/swarm-yes",
    "sampleCount" : 1201,
    "errorCount" : 0,
    "errorPct" : 0.0,
    "meanResTime" : 125.49458784346366,
    "medianResTime" : 119.0,
    "minResTime" : 17.0,
    "maxResTime" : 624.0,
    "pct1ResTime" : 190.79999999999995,
    "pct2ResTime" : 213.0,
    "pct3ResTime" : 368.98,
    "throughput" : 3.9093270488975107,
    "receivedKBytesPerSec" : 5.839806494821199,
    "sentKBytesPerSec" : 0.5993792448016692
  },
  "/api/v2/pal-park-area/field" : {
    "transaction" : "/api/v2/pal-park-area/field",
    "sampleCount" : 1204,
    "errorCount" : 0,
    "errorPct" : 0.0,
    "meanResTime" : 163.7217607973421,
    "medianResTime" : 151.0,
    "minResTime" : 34.0,
    "maxResTime" : 2810.0,
    "pct1ResTime" : 224.0,
    "pct2ResTime" : 264.5,
    "pct3ResTime" : 437.85000000000014,
    "throughput" : 3.9114148991121347,
    "receivedKBytesPerSec" : 79.96074727435456,
    "sentKBytesPerSec" : 0.5385834968504014
  },
  "/api/v2/location/sunyshore-city" : {
    "transaction" : "/api/v2/location/sunyshore-city",
    "sampleCount" : 1206,
    "errorCount" : 0,
    "errorPct" : 0.0,
    "meanResTime" : 125.11028192371487,
    "medianResTime" : 120.0,
    "minResTime" : 18.0,
    "maxResTime" : 582.0,
    "pct1ResTime" : 187.0,
    "pct2ResTime" : 212.0,
    "pct3ResTime" : 301.4400000000005,
    "throughput" : 3.9247080876322884,
    "receivedKBytesPerSec" : 6.187806922911704,
    "sentKBytesPerSec" : 0.555744797565119
  },
  "/api/v2/item-attribute/consumable" : {
    "transaction" : "/api/v2/item-attribute/consumable",
    "sampleCount" : 1208,
    "errorCount" : 0,
    "errorPct" : 0.0,
    "meanResTime" : 136.56291390728506,
    "medianResTime" : 129.0,
    "minResTime" : 22.0,
    "maxResTime" : 547.0,
    "pct1ResTime" : 190.10000000000014,
    "pct2ResTime" : 216.0,
    "pct3ResTime" : 363.3700000000006,
    "throughput" : 3.926884530740549,
    "receivedKBytesPerSec" : 22.217700826173598,
    "sentKBytesPerSec" : 0.5637226816590437
  },
  "/api/v2/item-pocket/key" : {
    "transaction" : "/api/v2/item-pocket/key",
    "sampleCount" : 1207,
    "errorCount" : 0,
    "errorPct" : 0.0,
    "meanResTime" : 126.57746478873233,
    "medianResTime" : 120.0,
    "minResTime" : 17.0,
    "maxResTime" : 644.0,
    "pct1ResTime" : 186.0,
    "pct2ResTime" : 215.0,
    "pct3ResTime" : 357.880000000001,
    "throughput" : 3.9274894979516533,
    "receivedKBytesPerSec" : 8.244890928377819,
    "sentKBytesPerSec" : 0.5254551379095473
  },
  "/api/v2/item-pocket/machines" : {
    "transaction" : "/api/v2/item-pocket/machines",
    "sampleCount" : 1206,
    "errorCount" : 0,
    "errorPct" : 0.0,
    "meanResTime" : 120.7562189054727,
    "medianResTime" : 116.0,
    "minResTime" : 17.0,
    "maxResTime" : 584.0,
    "pct1ResTime" : 181.29999999999995,
    "pct2ResTime" : 205.0,
    "pct3ResTime" : 312.4600000000014,
    "throughput" : 3.919045390734675,
    "receivedKBytesPerSec" : 6.62751099388096,
    "sentKBytesPerSec" : 0.543461372543285
  },
  "/api/v2/berry-firmness/very-soft" : {
    "transaction" : "/api/v2/berry-firmness/very-soft",
    "sampleCount" : 1211,
    "errorCount" : 0,
    "errorPct" : 0.0,
    "meanResTime" : 128.47151114781167,
    "medianResTime" : 121.0,
    "minResTime" : 19.0,
    "maxResTime" : 1450.0,
    "pct1ResTime" : 189.79999999999995,
    "pct2ResTime" : 214.39999999999986,
    "pct3ResTime" : 365.4799999999975,
    "throughput" : 3.910185209102885,
    "receivedKBytesPerSec" : 8.495211481164272,
    "sentKBytesPerSec" : 0.5575068755166223
  },
  "/api/v2/berry-firmness/hard" : {
    "transaction" : "/api/v2/berry-firmness/hard",
    "sampleCount" : 1211,
    "errorCount" : 0,
    "errorPct" : 0.0,
    "meanResTime" : 126.0933113129645,
    "medianResTime" : 120.0,
    "minResTime" : 17.0,
    "maxResTime" : 480.0,
    "pct1ResTime" : 182.0,
    "pct2ResTime" : 210.0,
    "pct3ResTime" : 302.3999999999994,
    "throughput" : 3.928170594837262,
    "receivedKBytesPerSec" : 10.052819637244312,
    "sentKBytesPerSec" : 0.5408906776094277
  },
  "/api/v2/berry/iapapa" : {
    "transaction" : "/api/v2/berry/iapapa",
    "sampleCount" : 1212,
    "errorCount" : 0,
    "errorPct" : 0.0,
    "meanResTime" : 126.13118811881176,
    "medianResTime" : 119.0,
    "minResTime" : 18.0,
    "maxResTime" : 1120.0,
    "pct1ResTime" : 183.70000000000005,
    "pct2ResTime" : 210.0,
    "pct3ResTime" : 363.6099999999997,
    "throughput" : 3.9089586753403407,
    "receivedKBytesPerSec" : 7.335892825754619,
    "sentKBytesPerSec" : 0.5115238891558649
  },
  "/api/v2/contest-type/smart" : {
    "transaction" : "/api/v2/contest-type/smart",
    "sampleCount" : 1210,
    "errorCount" : 0,
    "errorPct" : 0.0,
    "meanResTime" : 124.22066115702455,
    "medianResTime" : 118.0,
    "minResTime" : 17.0,
    "maxResTime" : 560.0,
    "pct1ResTime" : 186.9000000000001,
    "pct2ResTime" : 213.0,
    "pct3ResTime" : 340.4500000000005,
    "throughput" : 3.9237431861443226,
    "receivedKBytesPerSec" : 6.742179215753991,
    "sentKBytesPerSec" : 0.536449263730669
  },
  "/api/v2/berry/lum" : {
    "transaction" : "/api/v2/berry/lum",
    "sampleCount" : 1211,
    "errorCount" : 0,
    "errorPct" : 0.0,
    "meanResTime" : 124.4219653179191,
    "medianResTime" : 119.0,
    "minResTime" : 16.0,
    "maxResTime" : 1335.0,
    "pct1ResTime" : 180.0,
    "pct2ResTime" : 204.79999999999973,
    "pct3ResTime" : 333.0,
    "throughput" : 3.917610484056199,
    "receivedKBytesPerSec" : 7.371349278752058,
    "sentKBytesPerSec" : 0.5011786849720332
  },
  "/api/v2/item-fling-effect/flinch" : {
    "transaction" : "/api/v2/item-fling-effect/flinch",
    "sampleCount" : 1207,
    "errorCount" : 0,
    "errorPct" : 0.0,
    "meanResTime" : 122.08699254349624,
    "medianResTime" : 119.0,
    "minResTime" : 16.0,
    "maxResTime" : 537.0,
    "pct1ResTime" : 182.0,
    "pct2ResTime" : 206.0,
    "pct3ResTime" : 301.9200000000001,
    "throughput" : 3.922983417513342,
    "receivedKBytesPerSec" : 5.465063696680578,
    "sentKBytesPerSec" : 0.5593316200751445
  },
  "/api/v2/item/ultra-ball" : {
    "transaction" : "/api/v2/item/ultra-ball",
    "sampleCount" : 1208,
    "errorCount" : 0,
    "errorPct" : 0.0,
    "meanResTime" : 156.95612582781473,
    "medianResTime" : 148.0,
    "minResTime" : 30.0,
    "maxResTime" : 797.0,
    "pct1ResTime" : 215.0,
    "pct2ResTime" : 241.54999999999995,
    "pct3ResTime" : 424.4700000000014,
    "throughput" : 3.9084996926262656,
    "receivedKBytesPerSec" : 74.39785333824052,
    "sentKBytesPerSec" : 0.5229145096580063
  },
  "/api/v2/location-area/pastoria-city-area" : {
    "transaction" : "/api/v2/location-area/pastoria-city-area",
    "sampleCount" : 1205,
    "errorCount" : 0,
    "errorPct" : 0.0,
    "meanResTime" : 154.06307053941904,
    "medianResTime" : 145.0,
    "minResTime" : 24.0,
    "maxResTime" : 590.0,
    "pct1ResTime" : 214.0,
    "pct2ResTime" : 242.4000000000001,
    "pct3ResTime" : 406.40000000000055,
    "throughput" : 3.9154013367602576,
    "receivedKBytesPerSec" : 59.90007476426359,
    "sentKBytesPerSec" : 0.5888396541612105
  },
  "/api/v2/item-category/choice" : {
    "transaction" : "/api/v2/item-category/choice",
    "sampleCount" : 1208,
    "errorCount" : 0,
    "errorPct" : 0.0,
    "meanResTime" : 124.37086092715214,
    "medianResTime" : 117.0,
    "minResTime" : 17.0,
    "maxResTime" : 576.0,
    "pct1ResTime" : 189.10000000000014,
    "pct2ResTime" : 215.54999999999995,
    "pct3ResTime" : 359.5700000000022,
    "throughput" : 3.925353298044147,
    "receivedKBytesPerSec" : 5.810728229399206,
    "sentKBytesPerSec" : 0.5443361018772157
  },
  "/api/v2/berry/rawst" : {
    "transaction" : "/api/v2/berry/rawst",
    "sampleCount" : 1211,
    "errorCount" : 0,
    "errorPct" : 0.0,
    "meanResTime" : 126.02477291494625,
    "medianResTime" : 119.0,
    "minResTime" : 16.0,
    "maxResTime" : 846.0,
    "pct1ResTime" : 188.0,
    "pct2ResTime" : 222.39999999999986,
    "pct3ResTime" : 378.7999999999988,
    "throughput" : 3.912358011449543,
    "receivedKBytesPerSec" : 7.327313770264464,
    "sentKBytesPerSec" : 0.5081480620339739
  },
  "/api/v2/encounter-condition/radar" : {
    "transaction" : "/api/v2/encounter-condition/radar",
    "sampleCount" : 1202,
    "errorCount" : 0,
    "errorPct" : 0.0,
    "meanResTime" : 123.90682196339435,
    "medianResTime" : 120.0,
    "minResTime" : 19.0,
    "maxResTime" : 548.0,
    "pct1ResTime" : 184.70000000000005,
    "pct2ResTime" : 210.8499999999999,
    "pct3ResTime" : 296.5500000000004,
    "throughput" : 3.908078863861,
    "receivedKBytesPerSec" : 6.070278564415024,
    "sentKBytesPerSec" : 0.5610230400269209
  },
  "/api/v2/encounter-condition-value/time-night" : {
    "transaction" : "/api/v2/encounter-condition-value/time-night",
    "sampleCount" : 1201,
    "errorCount" : 0,
    "errorPct" : 0.0,
    "meanResTime" : 124.19150707743545,
    "medianResTime" : 117.0,
    "minResTime" : 18.0,
    "maxResTime" : 546.0,
    "pct1ResTime" : 183.79999999999995,
    "pct2ResTime" : 218.0,
    "pct3ResTime" : 373.7000000000003,
    "throughput" : 3.913199309243752,
    "receivedKBytesPerSec" : 5.735016092869245,
    "sentKBytesPerSec" : 0.6037944246684696
  },
  "/api/v2/item/ice-heal" : {
    "transaction" : "/api/v2/item/ice-heal",
    "sampleCount" : 1208,
    "errorCount" : 0,
    "errorPct" : 0.0,
    "meanResTime" : 155.00413907284747,
    "medianResTime" : 148.0,
    "minResTime" : 24.0,
    "maxResTime" : 670.0,
    "pct1ResTime" : 209.0,
    "pct2ResTime" : 233.0,
    "pct3ResTime" : 401.82000000000016,
    "throughput" : 3.92673135371463,
    "receivedKBytesPerSec" : 69.10428742157914,
    "sentKBytesPerSec" : 0.5176843093276123
  },
  "/api/v2/encounter-method/headbutt" : {
    "transaction" : "/api/v2/encounter-method/headbutt",
    "sampleCount" : 1203,
    "errorCount" : 0,
    "errorPct" : 0.0,
    "meanResTime" : 123.29260182876135,
    "medianResTime" : 117.0,
    "minResTime" : 17.0,
    "maxResTime" : 553.0,
    "pct1ResTime" : 186.0,
    "pct2ResTime" : 215.0,
    "pct3ResTime" : 395.6800000000003,
    "throughput" : 3.9138242910870216,
    "receivedKBytesPerSec" : 5.666653136305519,
    "sentKBytesPerSec" : 0.5618478230369064
  },
  "/api/v2/item-fling-effect/burn" : {
    "transaction" : "/api/v2/item-fling-effect/burn",
    "sampleCount" : 1207,
    "errorCount" : 0,
    "errorPct" : 0.0,
    "meanResTime" : 124.4904722452364,
    "medianResTime" : 121.0,
    "minResTime" : 17.0,
    "maxResTime" : 535.0,
    "pct1ResTime" : 184.0,
    "pct2ResTime" : 209.5999999999999,
    "pct3ResTime" : 385.0400000000009,
    "throughput" : 3.9109457878757437,
    "receivedKBytesPerSec" : 5.037324172488263,
    "sentKBytesPerSec" : 0.5499767514200266
  },
  "/api/v2/item-pocket/medicine" : {
    "transaction" : "/api/v2/item-pocket/medicine",
    "sampleCount" : 1207,
    "errorCount" : 0,
    "errorPct" : 0.0,
    "meanResTime" : 122.05468102734075,
    "medianResTime" : 117.0,
    "minResTime" : 17.0,
    "maxResTime" : 542.0,
    "pct1ResTime" : 182.0,
    "pct2ResTime" : 207.99999999999955,
    "pct3ResTime" : 296.0,
    "throughput" : 3.9120993096295336,
    "receivedKBytesPerSec" : 7.933699088216706,
    "sentKBytesPerSec" : 0.542498146452533
  },
  "/api/v2/pal-park-area/pond" : {
    "transaction" : "/api/v2/pal-park-area/pond",
    "sampleCount" : 1204,
    "errorCount" : 0,
    "errorPct" : 0.0,
    "meanResTime" : 140.07641196013293,
    "medianResTime" : 132.0,
    "minResTime" : 21.0,
    "maxResTime" : 579.0,
    "pct1ResTime" : 197.0,
    "pct2ResTime" : 222.0,
    "pct3ResTime" : 392.0,
    "throughput" : 3.9177277179236043,
    "receivedKBytesPerSec" : 25.693913845376656,
    "sentKBytesPerSec" : 0.5356268364348677
  },
  "/api/v2/item/antidote" : {
    "transaction" : "/api/v2/item/antidote",
    "sampleCount" : 1208,
    "errorCount" : 0,
    "errorPct" : 0.0,
    "meanResTime" : 155.12913907284778,
    "medianResTime" : 145.0,
    "minResTime" : 32.0,
    "maxResTime" : 575.0,
    "pct1ResTime" : 211.10000000000014,
    "pct2ResTime" : 247.54999999999995,
    "pct3ResTime" : 410.5600000000013,
    "throughput" : 3.9176514846861337,
    "receivedKBytesPerSec" : 69.3987596806206,
    "sentKBytesPerSec" : 0.5164872562818633
  },
  "/api/v2/contest-effect/9" : {
    "transaction" : "/api/v2/contest-effect/9",
    "sampleCount" : 1209,
    "errorCount" : 0,
    "errorPct" : 0.0,
    "meanResTime" : 123.51943755169557,
    "medianResTime" : 117.0,
    "minResTime" : 17.0,
    "maxResTime" : 508.0,
    "pct1ResTime" : 184.0,
    "pct2ResTime" : 210.0,
    "pct3ResTime" : 333.8000000000002,
    "throughput" : 3.9300330590870227,
    "receivedKBytesPerSec" : 5.578533641968788,
    "sentKBytesPerSec" : 0.5296333614785247
  },
  "/api/v2/encounter-condition-value/item-claw-fossil" : {
    "transaction" : "/api/v2/encounter-condition-value/item-claw-fossil",
    "sampleCount" : 1201,
    "errorCount" : 0,
    "errorPct" : 0.0,
    "meanResTime" : 128.30807660283074,
    "medianResTime" : 121.0,
    "minResTime" : 19.0,
    "maxResTime" : 671.0,
    "pct1ResTime" : 186.79999999999995,
    "pct2ResTime" : 216.79999999999973,
    "pct3ResTime" : 428.84000000000015,
    "throughput" : 3.915865941095725,
    "receivedKBytesPerSec" : 5.721338483979511,
    "sentKBytesPerSec" : 0.6271504046286122
  },
  "/api/v2/contest-effect/7" : {
    "transaction" : "/api/v2/contest-effect/7",
    "sampleCount" : 1210,
    "errorCount" : 0,
    "errorPct" : 0.0,
    "meanResTime" : 122.81818181818186,
    "medianResTime" : 117.0,
    "minResTime" : 18.0,
    "maxResTime" : 537.0,
    "pct1ResTime" : 184.0,
    "pct2ResTime" : 207.45000000000005,
    "pct3ResTime" : 332.4500000000005,
    "throughput" : 3.9226110974233954,
    "receivedKBytesPerSec" : 5.6111219397149785,
    "sentKBytesPerSec" : 0.5286331361761998
  },
  "Total" : {
    "transaction" : "Total",
    "sampleCount" : 108607,
    "errorCount" : 1210,
    "errorPct" : 1.1141087,
    "meanResTime" : 131.8581030688633,
    "medianResTime" : 114.0,
    "minResTime" : 15.0,
    "maxResTime" : 29110.0,
    "pct1ResTime" : 173.0,
    "pct2ResTime" : 198.95000000000073,
    "pct3ResTime" : 387.0,
    "throughput" : 350.1463685133602,
    "receivedKBytesPerSec" : 1874.8857503481895,
    "sentKBytesPerSec" : 49.07284178478509
  },
  "/api/v2/encounter-condition/weekday" : {
    "transaction" : "/api/v2/encounter-condition/weekday",
    "sampleCount" : 1201,
    "errorCount" : 0,
    "errorPct" : 0.0,
    "meanResTime" : 124.35886761032468,
    "medianResTime" : 118.0,
    "minResTime" : 18.0,
    "maxResTime" : 620.0,
    "pct1ResTime" : 179.79999999999995,
    "pct2ResTime" : 211.89999999999986,
    "pct3ResTime" : 333.8000000000002,
    "throughput" : 3.9166832443573347,
    "receivedKBytesPerSec" : 6.837743253831077,
    "sentKBytesPerSec" : 0.5699080111418388
  },
  "/api/v2/pal-park-area/sea" : {
    "transaction" : "/api/v2/pal-park-area/sea",
    "sampleCount" : 1204,
    "errorCount" : 0,
    "errorPct" : 0.0,
    "meanResTime" : 141.13870431893653,
    "medianResTime" : 132.0,
    "minResTime" : 27.0,
    "maxResTime" : 655.0,
    "pct1ResTime" : 199.5,
    "pct2ResTime" : 226.0,
    "pct3ResTime" : 429.50000000000045,
    "throughput" : 3.9183779737689974,
    "receivedKBytesPerSec" : 30.603276434406226,
    "sentKBytesPerSec" : 0.5318891976112214
  },
  "/api/v2/contest-type/cool" : {
    "transaction" : "/api/v2/contest-type/cool",
    "sampleCount" : 1211,
    "errorCount" : 0,
    "errorPct" : 0.0,
    "meanResTime" : 123.4698596201485,
    "medianResTime" : 119.0,
    "minResTime" : 19.0,
    "maxResTime" : 554.0,
    "pct1ResTime" : 184.0,
    "pct2ResTime" : 208.0,
    "pct3ResTime" : 273.63999999999965,
    "throughput" : 3.9076239000732476,
    "receivedKBytesPerSec" : 6.694876406470328,
    "sentKBytesPerSec" : 0.5304294161232241
  },
  "/api/v2/berry-flavor/bitter" : {
    "transaction" : "/api/v2/berry-flavor/bitter",
    "sampleCount" : 1210,
    "errorCount" : 0,
    "errorPct" : 0.0,
    "meanResTime" : 130.43966942148737,
    "medianResTime" : 124.0,
    "minResTime" : 22.0,
    "maxResTime" : 557.0,
    "pct1ResTime" : 190.0,
    "pct2ResTime" : 218.0,
    "pct3ResTime" : 322.7800000000002,
    "throughput" : 3.9223695001734273,
    "receivedKBytesPerSec" : 15.485749298187605,
    "sentKBytesPerSec" : 0.5400918940668488
  }
}