{
  "/api/v2/item-attribute/underground" : {
    "transaction" : "/api/v2/item-attribute/underground",
    "sampleCount" : 1302,
    "errorCount" : 337,
    "errorPct" : 25.883257,
    "meanResTime" : 70.34562211981559,
    "medianResTime" : 26.0,
    "minResTime" : 16.0,
    "maxResTime" : 1435.0,
    "pct1ResTime" : 146.70000000000005,
    "pct2ResTime" : 200.0,
    "pct3ResTime" : 490.94000000000005,
    "throughput" : 6.431122285172361,
    "receivedKBytesPerSec" : 29.544106379011424,
    "sentKBytesPerSec" : 0.9287842425155468
  },
  "/api/v2/item-attribute/holdable" : {
    "transaction" : "/api/v2/item-attribute/holdable",
    "sampleCount" : 1302,
    "errorCount" : 342,
    "errorPct" : 26.26728,
    "meanResTime" : 82.18125960061444,
    "medianResTime" : 27.0,
    "minResTime" : 17.0,
    "maxResTime" : 3185.0,
    "pct1ResTime" : 150.0,
    "pct2ResTime" : 206.39999999999964,
    "pct3ResTime" : 1091.8100000000074,
    "throughput" : 6.487003572336069,
    "receivedKBytesPerSec" : 68.26007370278612,
    "sentKBytesPerSec" : 0.9185698417858691
  },
  "/api/v2/region/paldea" : {
    "transaction" : "/api/v2/region/paldea",
    "sampleCount" : 1298,
    "errorCount" : 344,
    "errorPct" : 26.502312,
    "meanResTime" : 75.2773497688752,
    "medianResTime" : 26.0,
    "minResTime" : 15.0,
    "maxResTime" : 1790.0,
    "pct1ResTime" : 154.0,
    "pct2ResTime" : 230.69999999999936,
    "pct3ResTime" : 599.1199999999999,
    "throughput" : 6.423802713042101,
    "receivedKBytesPerSec" : 38.94897263388284,
    "sentKBytesPerSec" : 0.8468880529889489
  },
  "/api/v2/region/johto" : {
    "transaction" : "/api/v2/region/johto",
    "sampleCount" : 1296,
    "errorCount" : 338,
    "errorPct" : 26.080246,
    "meanResTime" : 69.59259259259264,
    "medianResTime" : 26.0,
    "minResTime" : 15.0,
    "maxResTime" : 3188.0,
    "pct1ResTime" : 152.29999999999995,
    "pct2ResTime" : 217.0,
    "pct3ResTime" : 439.3599999999997,
    "throughput" : 6.461391193363114,
    "receivedKBytesPerSec" : 42.165034427411555,
    "sentKBytesPerSec" : 0.8455336131940013
  },
  "/api/v2/item/poke-ball" : {
    "transaction" : "/api/v2/item/poke-ball",
    "sampleCount" : 1302,
    "errorCount" : 340,
    "errorPct" : 26.11367,
    "meanResTime" : 74.34869431643624,
    "medianResTime" : 28.0,
    "minResTime" : 18.0,
    "maxResTime" : 3200.0,
    "pct1ResTime" : 144.0,
    "pct2ResTime" : 188.69999999999982,
    "pct3ResTime" : 519.6800000000012,
    "throughput" : 6.502197363164203,
    "receivedKBytesPerSec" : 101.69695779127547,
    "sentKBytesPerSec" : 0.8635730872952456
  },
  "/api/v2/super-contest-effect/3" : {
    "transaction" : "/api/v2/super-contest-effect/3",
    "sampleCount" : 1302,
    "errorCount" : 1302,
    "errorPct" : 100.0,
    "meanResTime" : 81.66129032258051,
    "medianResTime" : 26.0,
    "minResTime" : 15.0,
    "maxResTime" : 3187.0,
    "pct1ResTime" : 157.70000000000005,
    "pct2ResTime" : 255.69999999999982,
    "pct3ResTime" : 1110.2500000000007,
    "throughput" : 6.445065960448482,
    "receivedKBytesPerSec" : 13.004129875875554,
    "sentKBytesPerSec" : 0.9063374006880678
  },
  "/api/v2/berry/razz" : {
    "transaction" : "/api/v2/berry/razz",
    "sampleCount" : 1306,
    "errorCount" : 346,
    "errorPct" : 26.493109,
    "meanResTime" : 78.75727411944872,
    "medianResTime" : 25.0,
    "minResTime" : 15.0,
    "maxResTime" : 3183.0,
    "pct1ResTime" : 150.29999999999995,
    "pct2ResTime" : 200.29999999999973,
    "pct3ResTime" : 802.7300000000103,
    "throughput" : 6.431343195382827,
    "receivedKBytesPerSec" : 17.527832040868084,
    "sentKBytesPerSec" : 0.8290403337798176
  },
  "/api/v2/super-contest-effect/1" : {
    "transaction" : "/api/v2/super-contest-effect/1",
    "sampleCount" : 1303,
    "errorCount" : 346,
    "errorPct" : 26.554106,
    "meanResTime" : 71.6508058326938,
    "medianResTime" : 25.0,
    "minResTime" : 15.0,
    "maxResTime" : 3199.0,
    "pct1ResTime" : 148.0,
    "pct2ResTime" : 195.5999999999999,
    "pct3ResTime" : 505.40000000000055,
    "throughput" : 6.448547715788796,
    "receivedKBytesPerSec" : 19.465699907763003,
    "sentKBytesPerSec" : 0.9068270225327995
  },
  "/api/v2/item-pocket/battle" : {
    "transaction" : "/api/v2/item-pocket/battle",
    "sampleCount" : 1301,
    "errorCount" : 344,
    "errorPct" : 26.441198,
    "meanResTime" : 67.57955418908537,
    "medianResTime" : 25.0,
    "minResTime" : 15.0,
    "maxResTime" : 1398.0,
    "pct1ResTime" : 139.0,
    "pct2ResTime" : 188.0,
    "pct3ResTime" : 482.0,
    "throughput" : 6.425770252783183,
    "receivedKBytesPerSec" : 17.153656547580827,
    "sentKBytesPerSec" : 0.8785232767477008
  },
  "/api/v2/contest-effect/5" : {
    "transaction" : "/api/v2/contest-effect/5",
    "sampleCount" : 1303,
    "errorCount" : 344,
    "errorPct" : 26.400614,
    "meanResTime" : 68.43975441289335,
    "medianResTime" : 25.0,
    "minResTime" : 16.0,
    "maxResTime" : 1397.0,
    "pct1ResTime" : 144.0,
    "pct2ResTime" : 189.39999999999986,
    "pct3ResTime" : 498.8800000000001,
    "throughput" : 6.449441427885543,
    "receivedKBytesPerSec" : 15.273881618349478,
    "sentKBytesPerSec" : 0.8691630049298877
  },
  "/api/v2/item-attribute/usable-overworld" : {
    "transaction" : "/api/v2/item-attribute/usable-overworld",
    "sampleCount" : 1302,
    "errorCount" : 342,
    "errorPct" : 26.26728,
    "meanResTime" : 77.34715821812597,
    "medianResTime" : 26.0,
    "minResTime" : 15.0,
    "maxResTime" : 3208.0,
    "pct1ResTime" : 151.0,
    "pct2ResTime" : 207.8499999999999,
    "pct3ResTime" : 590.8800000000001,
    "throughput" : 6.455931573075493,
    "receivedKBytesPerSec" : 27.127819162947812,
    "sentKBytesPerSec" : 0.9646069635552249
  },
  "/api/v2/contest-effect/3" : {
    "transaction" : "/api/v2/contest-effect/3",
    "sampleCount" : 1305,
    "errorCount" : 342,
    "errorPct" : 26.206896,
    "meanResTime" : 285.34559386973183,
    "medianResTime" : 25.0,
    "minResTime" : 15.0,
    "maxResTime" : 286627.0,
    "pct1ResTime" : 147.4000000000001,
    "pct2ResTime" : 199.70000000000005,
    "pct3ResTime" : 471.94000000000005,
    "throughput" : 2.7750074957099025,
    "receivedKBytesPerSec" : 6.634691726969033,
    "sentKBytesPerSec" : 0.3739756195390298
  },
  "/api/v2/contest-effect/1" : {
    "transaction" : "/api/v2/contest-effect/1",
    "sampleCount" : 1303,
    "errorCount" : 341,
    "errorPct" : 26.170376,
    "meanResTime" : 69.57559478127395,
    "medianResTime" : 25.0,
    "minResTime" : 15.0,
    "maxResTime" : 3148.0,
    "pct1ResTime" : 141.0,
    "pct2ResTime" : 189.5999999999999,
    "pct3ResTime" : 512.3600000000006,
    "throughput" : 6.45903248353021,
    "receivedKBytesPerSec" : 15.164217291543773,
    "sentKBytesPerSec" : 0.870455549538251
  },
  "/api/v2/location-area/sunyshore-city-area" : {
    "transaction" : "/api/v2/location-area/sunyshore-city-area",
    "sampleCount" : 1298,
    "errorCount" : 336,
    "errorPct" : 25.885979,
    "meanResTime" : 64.06548536209544,
    "medianResTime" : 28.0,
    "minResTime" : 18.0,
    "maxResTime" : 1123.0,
    "pct1ResTime" : 139.0,
    "pct2ResTime" : 182.14999999999986,
    "pct3ResTime" : 387.1399999999999,
    "throughput" : 6.439929547766119,
    "receivedKBytesPerSec" : 81.37704445591774,
    "sentKBytesPerSec" : 0.9747940233435042
  },
  "/api/v2/encounter-method/gift" : {
    "transaction" : "/api/v2/encounter-method/gift",
    "sampleCount" : 1297,
    "errorCount" : 337,
    "errorPct" : 25.983038,
    "meanResTime" : 69.73323053199694,
    "medianResTime" : 25.0,
    "minResTime" : 16.0,
    "maxResTime" : 3200.0,
    "pct1ResTime" : 141.0,
    "pct2ResTime" : 197.0,
    "pct3ResTime" : 520.4199999999996,
    "throughput" : 6.432734035957843,
    "receivedKBytesPerSec" : 14.65000678084315,
    "sentKBytesPerSec" : 0.8983212569745815
  },
  "/api/v2/encounter-method/walk" : {
    "transaction" : "/api/v2/encounter-method/walk",
    "sampleCount" : 1297,
    "errorCount" : 341,
    "errorPct" : 26.291441,
    "meanResTime" : 72.6545875096376,
    "medianResTime" : 24.0,
    "minResTime" : 16.0,
    "maxResTime" : 3236.0,
    "pct1ResTime" : 144.0,
    "pct2ResTime" : 195.19999999999982,
    "pct3ResTime" : 565.2399999999961,
    "throughput" : 6.424895106280744,
    "receivedKBytesPerSec" : 15.456507884366749,
    "sentKBytesPerSec" : 0.8965347920206468
  },
  "/api/v2/item-category/collectibles" : {
    "transaction" : "/api/v2/item-category/collectibles",
    "sampleCount" : 1302,
    "errorCount" : 341,
    "errorPct" : 26.190475,
    "meanResTime" : 76.2826420890937,
    "medianResTime" : 25.0,
    "minResTime" : 15.0,
    "maxResTime" : 3188.0,
    "pct1ResTime" : 143.0,
    "pct2ResTime" : 195.0,
    "pct3ResTime" : 1153.0400000000009,
    "throughput" : 6.452028523714426,
    "receivedKBytesPerSec" : 18.702354849489833,
    "sentKBytesPerSec" : 0.9325197475681006
  },
  "/api/v2/berry-firmness/soft" : {
    "transaction" : "/api/v2/berry-firmness/soft",
    "sampleCount" : 1305,
    "errorCount" : 337,
    "errorPct" : 25.823755,
    "meanResTime" : 65.97777777777776,
    "medianResTime" : 25.0,
    "minResTime" : 15.0,
    "maxResTime" : 3188.0,
    "pct1ResTime" : 143.0,
    "pct2ResTime" : 185.70000000000005,
    "pct3ResTime" : 394.4600000000005,
    "throughput" : 6.453399532190349,
    "receivedKBytesPerSec" : 21.48431704921397,
    "sentKBytesPerSec" : 0.8886028652723038
  },
  "/api/v2/item-category/evolution" : {
    "transaction" : "/api/v2/item-category/evolution",
    "sampleCount" : 1301,
    "errorCount" : 339,
    "errorPct" : 26.056879,
    "meanResTime" : 71.17832436587238,
    "medianResTime" : 25.0,
    "minResTime" : 16.0,
    "maxResTime" : 3189.0,
    "pct1ResTime" : 142.79999999999995,
    "pct2ResTime" : 204.89999999999986,
    "pct3ResTime" : 502.7000000000003,
    "throughput" : 6.4242472125383925,
    "receivedKBytesPerSec" : 25.400891458430035,
    "sentKBytesPerSec" : 0.9096834431817059
  },
  "/api/v2/contest-type/cute" : {
    "transaction" : "/api/v2/contest-type/cute",
    "sampleCount" : 1305,
    "errorCount" : 345,
    "errorPct" : 26.43678,
    "meanResTime" : 74.86973180076622,
    "medianResTime" : 25.0,
    "minResTime" : 16.0,
    "maxResTime" : 3197.0,
    "pct1ResTime" : 149.80000000000018,
    "pct2ResTime" : 210.4000000000001,
    "pct3ResTime" : 570.0600000000054,
    "throughput" : 6.438212890239571,
    "receivedKBytesPerSec" : 16.66302403753651,
    "sentKBytesPerSec" : 0.8739371013118167
  },
  "/api/v2/super-contest-effect/7" : {
    "transaction" : "/api/v2/super-contest-effect/7",
    "sampleCount" : 1302,
    "errorCount" : 339,
    "errorPct" : 26.036867,
    "meanResTime" : 67.42165898617506,
    "medianResTime" : 25.0,
    "minResTime" : 16.0,
    "maxResTime" : 3182.0,
    "pct1ResTime" : 145.0,
    "pct2ResTime" : 186.8499999999999,
    "pct3ResTime" : 469.8800000000001,
    "throughput" : 6.446597711507326,
    "receivedKBytesPerSec" : 22.07181046284789,
    "sentKBytesPerSec" : 0.9065528031807176
  },
  "/api/v2/encounter-method/purple-flowers" : {
    "transaction" : "/api/v2/encounter-method/purple-flowers",
    "sampleCount" : 1297,
    "errorCount" : 343,
    "errorPct" : 26.445644,
    "meanResTime" : 94.31919814957608,
    "medianResTime" : 25.0,
    "minResTime" : 15.0,
    "maxResTime" : 21747.0,
    "pct1ResTime" : 147.0,
    "pct2ResTime" : 204.0999999999999,
    "pct3ResTime" : 1155.08,
    "throughput" : 6.421078166849019,
    "receivedKBytesPerSec" : 15.433744766165324,
    "sentKBytesPerSec" : 0.9593993745389645
  },
  "/api/v2/super-contest-effect/5" : {
    "transaction" : "/api/v2/super-contest-effect/5",
    "sampleCount" : 1303,
    "errorCount" : 345,
    "errorPct" : 26.47736,
    "meanResTime" : 75.81273983115882,
    "medianResTime" : 26.0,
    "minResTime" : 15.0,
    "maxResTime" : 3182.0,
    "pct1ResTime" : 150.0,
    "pct2ResTime" : 208.0,
    "pct3ResTime" : 563.8000000000011,
    "throughput" : 6.447430923917346,
    "receivedKBytesPerSec" : 35.961004647853,
    "sentKBytesPerSec" : 0.9066699736758768
  },
  "/api/v2/berry-firmness/very-hard" : {
    "transaction" : "/api/v2/berry-firmness/very-hard",
    "sampleCount" : 1305,
    "errorCount" : 344,
    "errorPct" : 26.360153,
    "meanResTime" : 75.13333333333328,
    "medianResTime" : 25.0,
    "minResTime" : 16.0,
    "maxResTime" : 3184.0,
    "pct1ResTime" : 147.4000000000001,
    "pct2ResTime" : 194.70000000000005,
    "pct3ResTime" : 567.8800000000001,
    "throughput" : 6.455889700753435,
    "receivedKBytesPerSec" : 19.67633746370108,
    "sentKBytesPerSec" : 0.9204686487402358
  },
  "/api/v2/contest-type/beauty" : {
    "transaction" : "/api/v2/contest-type/beauty",
    "sampleCount" : 1305,
    "errorCount" : 339,
    "errorPct" : 25.97701,
    "meanResTime" : 70.83984674329501,
    "medianResTime" : 25.0,
    "minResTime" : 15.0,
    "maxResTime" : 3180.0,
    "pct1ResTime" : 140.4000000000001,
    "pct2ResTime" : 192.10000000000014,
    "pct3ResTime" : 512.6000000000022,
    "throughput" : 6.437164885142234,
    "receivedKBytesPerSec" : 16.578893305533494,
    "sentKBytesPerSec" : 0.8863674304736865
  },
  "/api/v2/encounter-condition-value/season-winter" : {
    "transaction" : "/api/v2/encounter-condition-value/season-winter",
    "sampleCount" : 1297,
    "errorCount" : 338,
    "errorPct" : 26.060139,
    "meanResTime" : 71.10254433307631,
    "medianResTime" : 25.0,
    "minResTime" : 15.0,
    "maxResTime" : 3114.0,
    "pct1ResTime" : 148.0,
    "pct2ResTime" : 197.0999999999999,
    "pct3ResTime" : 487.1399999999999,
    "throughput" : 6.415456452059673,
    "receivedKBytesPerSec" : 15.384182724887221,
    "sentKBytesPerSec" : 1.0086801648257884
  },
  "/api/v2/item-fling-effect/paralyze" : {
    "transaction" : "/api/v2/item-fling-effect/paralyze",
    "sampleCount" : 1299,
    "errorCount" : 336,
    "errorPct" : 25.86605,
    "meanResTime" : 68.73672055427257,
    "medianResTime" : 25.0,
    "minResTime" : 15.0,
    "maxResTime" : 3184.0,
    "pct1ResTime" : 138.0,
    "pct2ResTime" : 179.0,
    "pct3ResTime" : 532.0,
    "throughput" : 6.492565288016993,
    "receivedKBytesPerSec" : 14.665613676121456,
    "sentKBytesPerSec" : 0.9383785767837062
  },
  "/api/v2/berry-flavor/sweet" : {
    "transaction" : "/api/v2/berry-flavor/sweet",
    "sampleCount" : 1305,
    "errorCount" : 346,
    "errorPct" : 26.51341,
    "meanResTime" : 68.03524904214548,
    "medianResTime" : 25.0,
    "minResTime" : 15.0,
    "maxResTime" : 1389.0,
    "pct1ResTime" : 144.4000000000001,
    "pct2ResTime" : 195.70000000000005,
    "pct3ResTime" : 464.94000000000005,
    "throughput" : 6.43814936506527,
    "receivedKBytesPerSec" : 27.60544435255898,
    "sentKBytesPerSec" : 0.8802157335050173
  },
  "/api/v2/region/unova" : {
    "transaction" : "/api/v2/region/unova",
    "sampleCount" : 1299,
    "errorCount" : 344,
    "errorPct" : 26.481909,
    "meanResTime" : 77.56889915319483,
    "medianResTime" : 27.0,
    "minResTime" : 16.0,
    "maxResTime" : 3134.0,
    "pct1ResTime" : 152.0,
    "pct2ResTime" : 201.0,
    "pct3ResTime" : 801.0,
    "throughput" : 6.415099930367276,
    "receivedKBytesPerSec" : 60.1169562011398,
    "sentKBytesPerSec" : 0.8394759674504051
  },
  "/api/v2/super-contest-effect/9" : {
    "transaction" : "/api/v2/super-contest-effect/9",
    "sampleCount" : 1303,
    "errorCount" : 340,
    "errorPct" : 26.09363,
    "meanResTime" : 77.44435917114343,
    "medianResTime" : 25.0,
    "minResTime" : 16.0,
    "maxResTime" : 3202.0,
    "pct1ResTime" : 151.0,
    "pct2ResTime" : 205.79999999999995,
    "pct3ResTime" : 1102.88000000001,
    "throughput" : 6.4401971105608355,
    "receivedKBytesPerSec" : 17.48602578704596,
    "sentKBytesPerSec" : 0.9056527186726175
  },
  "/api/v2/berry-flavor/spicy" : {
    "transaction" : "/api/v2/berry-flavor/spicy",
    "sampleCount" : 1305,
    "errorCount" : 341,
    "errorPct" : 26.130268,
    "meanResTime" : 77.86896551724136,
    "medianResTime" : 26.0,
    "minResTime" : 16.0,
    "maxResTime" : 3177.0,
    "pct1ResTime" : 149.0,
    "pct2ResTime" : 227.70000000000005,
    "pct3ResTime" : 1106.0400000000118,
    "throughput" : 6.43354712758143,
    "receivedKBytesPerSec" : 27.559405164955162,
    "sentKBytesPerSec" : 0.8795865213490237
  },
  "/api/v2/item-fling-effect/poison" : {
    "transaction" : "/api/v2/item-fling-effect/poison",
    "sampleCount" : 1301,
    "errorCount" : 344,
    "errorPct" : 26.441198,
    "meanResTime" : 63.23136049192928,
    "medianResTime" : 25.0,
    "minResTime" : 15.0,
    "maxResTime" : 1158.0,
    "pct1ResTime" : 142.0,
    "pct2ResTime" : 190.0,
    "pct3ResTime" : 406.98,
    "throughput" : 6.428405547896809,
    "receivedKBytesPerSec" : 14.647279423481715,
    "sentKBytesPerSec" : 0.9165500097587248
  },
  "/api/v2/encounter-method/surf" : {
    "transaction" : "/api/v2/encounter-method/surf",
    "sampleCount" : 1295,
    "errorCount" : 333,
    "errorPct" : 25.714285,
    "meanResTime" : 70.87413127413132,
    "medianResTime" : 25.0,
    "minResTime" : 16.0,
    "maxResTime" : 3117.0,
    "pct1ResTime" : 144.4000000000001,
    "pct2ResTime" : 197.0,
    "pct3ResTime" : 624.2799999999988,
    "throughput" : 6.47619809664788,
    "receivedKBytesPerSec" : 15.014774803651177,
    "sentKBytesPerSec" : 0.9043909451373504
  },
  "/api/v2/item-attribute/countable" : {
    "transaction" : "/api/v2/item-attribute/countable",
    "sampleCount" : 1303,
    "errorCount" : 341,
    "errorPct" : 26.170376,
    "meanResTime" : 81.72371450498862,
    "medianResTime" : 26.0,
    "minResTime" : 16.0,
    "maxResTime" : 3247.0,
    "pct1ResTime" : 150.60000000000014,
    "pct2ResTime" : 228.79999999999995,
    "pct3ResTime" : 1133.7200000000012,
    "throughput" : 6.433837144423102,
    "receivedKBytesPerSec" : 35.91767489834488,
    "sentKBytesPerSec" : 0.9173244366072002
  },
  "/api/v2/location/eterna-forest" : {
    "transaction" : "/api/v2/location/eterna-forest",
    "sampleCount" : 1300,
    "errorCount" : 344,
    "errorPct" : 26.461538,
    "meanResTime" : 65.62000000000002,
    "medianResTime" : 25.0,
    "minResTime" : 15.0,
    "maxResTime" : 1199.0,
    "pct1ResTime" : 145.9000000000001,
    "pct2ResTime" : 189.0,
    "pct3ResTime" : 443.9200000000001,
    "throughput" : 6.4223537432441775,
    "receivedKBytesPerSec" : 16.00167645046389,
    "sentKBytesPerSec" : 0.9031434951437125
  },
  "/api/v2/location/pinwheel-forest" : {
    "transaction" : "/api/v2/location/pinwheel-forest",
    "sampleCount" : 1298,
    "errorCount" : 338,
    "errorPct" : 26.040062,
    "meanResTime" : 69.3127889060092,
    "medianResTime" : 25.0,
    "minResTime" : 16.0,
    "maxResTime" : 3187.0,
    "pct1ResTime" : 143.0,
    "pct2ResTime" : 186.0,
    "pct3ResTime" : 460.26999999999975,
    "throughput" : 6.414786626800761,
    "receivedKBytesPerSec" : 17.012916136425414,
    "sentKBytesPerSec" : 0.9146082495243273
  },
  "/api/v2/encounter-condition/season" : {
    "transaction" : "/api/v2/encounter-condition/season",
    "sampleCount" : 1297,
    "errorCount" : 337,
    "errorPct" : 25.983038,
    "meanResTime" : 74.93138010794145,
    "medianResTime" : 25.0,
    "minResTime" : 15.0,
    "maxResTime" : 3234.0,
    "pct1ResTime" : 143.0,
    "pct2ResTime" : 189.19999999999982,
    "pct3ResTime" : 1123.3199999999997,
    "throughput" : 6.4308203386469,
    "receivedKBytesPerSec" : 16.6301304091157,
    "sentKBytesPerSec" : 0.9294545020700598
  },
  "/api/v2/location/chargestone-cave" : {
    "transaction" : "/api/v2/location/chargestone-cave",
    "sampleCount" : 1299,
    "errorCount" : 340,
    "errorPct" : 26.17398,
    "meanResTime" : 70.12086220169358,
    "medianResTime" : 25.0,
    "minResTime" : 15.0,
    "maxResTime" : 3235.0,
    "pct1ResTime" : 144.0,
    "pct2ResTime" : 184.0,
    "pct3ResTime" : 466.0,
    "throughput" : 6.476832484879911,
    "receivedKBytesPerSec" : 18.064314948132985,
    "sentKBytesPerSec" : 0.9290638976421138
  },
  "/api/v2/berry/pinap" : {
    "transaction" : "/api/v2/berry/pinap",
    "sampleCount" : 1306,
    "errorCount" : 340,
    "errorPct" : 26.033691,
    "meanResTime" : 77.71975497702927,
    "medianResTime" : 25.0,
    "minResTime" : 15.0,
    "maxResTime" : 3183.0,
    "pct1ResTime" : 152.29999999999995,
    "pct2ResTime" : 204.9499999999996,
    "pct3ResTime" : 1102.8600000000001,
    "throughput" : 6.425362964129156,
    "receivedKBytesPerSec" : 17.33192922014986,
    "sentKBytesPerSec" : 0.8345442131144315
  },
  "/api/v2/location-area/valley-windworks-area" : {
    "transaction" : "/api/v2/location-area/valley-windworks-area",
    "sampleCount" : 1298,
    "errorCount" : 339,
    "errorPct" : 26.117104,
    "meanResTime" : 78.68721109399063,
    "medianResTime" : 32.0,
    "minResTime" : 20.0,
    "maxResTime" : 1329.0,
    "pct1ResTime" : 146.10000000000014,
    "pct2ResTime" : 225.04999999999995,
    "pct3ResTime" : 658.5699999999958,
    "throughput" : 6.430581427608894,
    "receivedKBytesPerSec" : 176.60221409643643,
    "sentKBytesPerSec" : 0.9859387540376917
  },
  "/api/v2/item-fling-effect/berry-effect" : {
    "transaction" : "/api/v2/item-fling-effect/berry-effect",
    "sampleCount" : 1302,
    "errorCount" : 342,
    "errorPct" : 26.26728,
    "meanResTime" : 71.65591397849464,
    "medianResTime" : 25.0,
    "minResTime" : 15.0,
    "maxResTime" : 2020.0,
    "pct1ResTime" : 149.0,
    "pct2ResTime" : 217.8499999999999,
    "pct3ResTime" : 477.82000000000016,
    "throughput" : 6.440984847360532,
    "receivedKBytesPerSec" : 22.29650795631063,
    "sentKBytesPerSec" : 0.956083688280079
  },
  "/api/v2/berry-firmness/super-hard" : {
    "transaction" : "/api/v2/berry-firmness/super-hard",
    "sampleCount" : 1304,
    "errorCount" : 340,
    "errorPct" : 26.07362,
    "meanResTime" : 70.23542944785275,
    "medianResTime" : 25.0,
    "minResTime" : 16.0,
    "maxResTime" : 3184.0,
    "pct1ResTime" : 147.0,
    "pct2ResTime" : 194.0,
    "pct3ResTime" : 494.9000000000001,
    "throughput" : 6.458738861894926,
    "receivedKBytesPerSec" : 19.98045607723245,
    "sentKBytesPerSec" : 0.9271822389634319
  },
  "/api/v2/berry-flavor/sour" : {
    "transaction" : "/api/v2/berry-flavor/sour",
    "sampleCount" : 1304,
    "errorCount" : 342,
    "errorPct" : 26.226994,
    "meanResTime" : 70.58588957055213,
    "medianResTime" : 25.0,
    "minResTime" : 15.0,
    "maxResTime" : 2003.0,
    "pct1ResTime" : 147.5,
    "pct2ResTime" : 218.25,
    "pct3ResTime" : 531.9500000000019,
    "throughput" : 6.455733176230623,
    "receivedKBytesPerSec" : 27.31158968716428,
    "sentKBytesPerSec" : 0.8763153432578679
  },
  "/api/v2/item-pocket/pokeballs" : {
    "transaction" : "/api/v2/item-pocket/pokeballs",
    "sampleCount" : 1298,
    "errorCount" : 336,
    "errorPct" : 25.885979,
    "meanResTime" : 75.55315870570104,
    "medianResTime" : 25.0,
    "minResTime" : 15.0,
    "maxResTime" : 3113.0,
    "pct1ResTime" : 148.0,
    "pct2ResTime" : 222.29999999999973,
    "pct3ResTime" : 1071.3799999999997,
    "throughput" : 6.428988895382817,
    "receivedKBytesPerSec" : 16.965409397629003,
    "sentKBytesPerSec" : 0.8977982539450614
  },
  "/api/v2/location-area/fuego-ironworks-area" : {
    "transaction" : "/api/v2/location-area/fuego-ironworks-area",
    "sampleCount" : 1298,
    "errorCount" : 339,
    "errorPct" : 26.117104,
    "meanResTime" : 70.79429892141758,
    "medianResTime" : 31.0,
    "minResTime" : 15.0,
    "maxResTime" : 1789.0,
    "pct1ResTime" : 141.0,
    "pct2ResTime" : 178.04999999999995,
    "pct3ResTime" : 490.04999999999995,
    "throughput" : 6.41240984092481,
    "receivedKBytesPerSec" : 148.7955793492491,
    "sentKBytesPerSec" : 0.9768905617033891
  },
  "/api/v2/location/spring-path" : {
    "transaction" : "/api/v2/location/spring-path",
    "sampleCount" : 1299,
    "errorCount" : 342,
    "errorPct" : 26.327944,
    "meanResTime" : 73.73364126250955,
    "medianResTime" : 25.0,
    "minResTime" : 16.0,
    "maxResTime" : 3198.0,
    "pct1ResTime" : 155.0,
    "pct2ResTime" : 203.0,
    "pct3ResTime" : 740.0,
    "throughput" : 6.418206163256634,
    "receivedKBytesPerSec" : 15.564623768793881,
    "sentKBytesPerSec" : 0.8900246827953536
  },
  "/api/v2/encounter-condition-value/slot2-ruby" : {
    "transaction" : "/api/v2/encounter-condition-value/slot2-ruby",
    "sampleCount" : 1297,
    "errorCount" : 344,
    "errorPct" : 26.522745,
    "meanResTime" : 68.91056283731695,
    "medianResTime" : 24.0,
    "minResTime" : 15.0,
    "maxResTime" : 1413.0,
    "pct1ResTime" : 146.0,
    "pct2ResTime" : 206.39999999999964,
    "pct3ResTime" : 477.0,
    "throughput" : 6.416599054083471,
    "receivedKBytesPerSec" : 15.555390475036114,
    "sentKBytesPerSec" : 0.9900611821730354
  },
  "/api/v2/pal-park-area/forest" : {
    "transaction" : "/api/v2/pal-park-area/forest",
    "sampleCount" : 1299,
    "errorCount" : 343,
    "errorPct" : 26.404926,
    "meanResTime" : 70.27328714395686,
    "medianResTime" : 28.0,
    "minResTime" : 15.0,
    "maxResTime" : 1413.0,
    "pct1ResTime" : 145.0,
    "pct2ResTime" : 200.0,
    "pct3ResTime" : 433.0,
    "throughput" : 6.41855500983289,
    "receivedKBytesPerSec" : 66.52225606310097,
    "sentKBytesPerSec" : 0.8900730580041704
  },
  "/api/v2/region/alola" : {
    "transaction" : "/api/v2/region/alola",
    "sampleCount" : 1297,
    "errorCount" : 340,
    "errorPct" : 26.21434,
    "meanResTime" : 75.55281418658438,
    "medianResTime" : 27.0,
    "minResTime" : 16.0,
    "maxResTime" : 3181.0,
    "pct1ResTime" : 148.0,
    "pct2ResTime" : 221.0999999999999,
    "pct3ResTime" : 516.1399999999999,
    "throughput" : 6.444784544442678,
    "receivedKBytesPerSec" : 53.01598202994564,
    "sentKBytesPerSec" : 0.8433604774954285
  },
  "/api/v2/encounter-condition/swarm" : {
    "transaction" : "/api/v2/encounter-condition/swarm",
    "sampleCount" : 1297,
    "errorCount" : 342,
    "errorPct" : 26.368544,
    "meanResTime" : 67.47262914417895,
    "medianResTime" : 25.0,
    "minResTime" : 15.0,
    "maxResTime" : 3201.0,
    "pct1ResTime" : 139.0,
    "pct2ResTime" : 209.0,
    "pct3ResTime" : 453.25999999999976,
    "throughput" : 6.411745804187161,
    "receivedKBytesPerSec" : 15.761714405109128,
    "sentKBytesPerSec" : 0.9204361652495242
  },
  "/api/v2/item-category/training" : {
    "transaction" : "/api/v2/item-category/training",
    "sampleCount" : 1301,
    "errorCount" : 338,
    "errorPct" : 25.980015,
    "meanResTime" : 71.54496541122221,
    "medianResTime" : 24.0,
    "minResTime" : 16.0,
    "maxResTime" : 3126.0,
    "pct1ResTime" : 150.0,
    "pct2ResTime" : 216.89999999999986,
    "pct3ResTime" : 495.72000000000025,
    "throughput" : 6.481246232557676,
    "receivedKBytesPerSec" : 17.11372838079688,
    "sentKBytesPerSec" : 0.9114252514534232
  },
  "/api/v2/contest-type/tough" : {
    "transaction" : "/api/v2/contest-type/tough",
    "sampleCount" : 1304,
    "errorCount" : 341,
    "errorPct" : 26.150307,
    "meanResTime" : 70.02147239263803,
    "medianResTime" : 25.0,
    "minResTime" : 16.0,
    "maxResTime" : 3200.0,
    "pct1ResTime" : 145.0,
    "pct2ResTime" : 207.5,
    "pct3ResTime" : 474.5500000000004,
    "throughput" : 6.444056790721349,
    "receivedKBytesPerSec" : 16.63484217404142,
    "sentKBytesPerSec" : 0.8810233893564344
  },
  "/api/v2/berry-flavor/dry" : {
    "transaction" : "/api/v2/berry-flavor/dry",
    "sampleCount" : 1305,
    "errorCount" : 338,
    "errorPct" : 25.900383,
    "meanResTime" : 70.88429118773952,
    "medianResTime" : 25.0,
    "minResTime" : 15.0,
    "maxResTime" : 1390.0,
    "pct1ResTime" : 148.0,
    "pct2ResTime" : 189.70000000000005,
    "pct3ResTime" : 614.5600000000013,
    "throughput" : 6.4496997553562165,
    "receivedKBytesPerSec" : 28.00873049336496,
    "sentKBytesPerSec" : 0.8691978185929276
  },
  "/api/v2/pal-park-area/mountain" : {
    "transaction" : "/api/v2/pal-park-area/mountain",
    "sampleCount" : 1298,
    "errorCount" : 341,
    "errorPct" : 26.271187,
    "meanResTime" : 73.8451463790447,
    "medianResTime" : 28.0,
    "minResTime" : 18.0,
    "maxResTime" : 3120.0,
    "pct1ResTime" : 148.10000000000014,
    "pct2ResTime" : 198.29999999999973,
    "pct3ResTime" : 512.7999999999993,
    "throughput" : 6.4153890256319,
    "receivedKBytesPerSec" : 92.72340415344543,
    "sentKBytesPerSec" : 0.9021640817294861
  },
  "/api/v2/region/hisui" : {
    "transaction" : "/api/v2/region/hisui",
    "sampleCount" : 1297,
    "errorCount" : 339,
    "errorPct" : 26.13724,
    "meanResTime" : 69.53199691595992,
    "medianResTime" : 25.0,
    "minResTime" : 15.0,
    "maxResTime" : 3180.0,
    "pct1ResTime" : 150.0,
    "pct2ResTime" : 208.29999999999973,
    "pct3ResTime" : 469.02,
    "throughput" : 6.445425089947721,
    "receivedKBytesPerSec" : 18.095063303503984,
    "sentKBytesPerSec" : 0.8434442988798775
  },
  "/api/v2/item-category/plates" : {
    "transaction" : "/api/v2/item-category/plates",
    "sampleCount" : 1303,
    "errorCount" : 344,
    "errorPct" : 26.400614,
    "meanResTime" : 67.78280890253264,
    "medianResTime" : 26.0,
    "minResTime" : 16.0,
    "maxResTime" : 1391.0,
    "pct1ResTime" : 142.60000000000014,
    "pct2ResTime" : 188.79999999999995,
    "pct3ResTime" : 505.5600000000004,
    "throughput" : 6.430725344362134,
    "receivedKBytesPerSec" : 20.453625164099474,
    "sentKBytesPerSec" : 0.8910763506744118
  },
  "/api/v2/item/premier-ball" : {
    "transaction" : "/api/v2/item/premier-ball",
    "sampleCount" : 1303,
    "errorCount" : 344,
    "errorPct" : 26.400614,
    "meanResTime" : 77.41903300076741,
    "medianResTime" : 29.0,
    "minResTime" : 18.0,
    "maxResTime" : 3198.0,
    "pct1ResTime" : 145.60000000000014,
    "pct2ResTime" : 205.5999999999999,
    "pct3ResTime" : 505.8000000000011,
    "throughput" : 6.432725441601912,
    "receivedKBytesPerSec" : 95.96985030213568,
    "sentKBytesPerSec" : 0.873192223029947
  },
  "/api/v2/encounter-condition/starter" : {
    "transaction" : "/api/v2/encounter-condition/starter",
    "sampleCount" : 1297,
    "errorCount" : 343,
    "errorPct" : 26.445644,
    "meanResTime" : 72.68928296067848,
    "medianResTime" : 24.0,
    "minResTime" : 16.0,
    "maxResTime" : 3244.0,
    "pct1ResTime" : 146.0,
    "pct2ResTime" : 199.1999999999989,
    "pct3ResTime" : 523.3399999999988,
    "throughput" : 6.41837724420515,
    "receivedKBytesPerSec" : 16.81137681491122,
    "sentKBytesPerSec" : 0.9332039678140898
  },
  "/api/v2/location-area/eterna-forest-area" : {
    "transaction" : "/api/v2/location-area/eterna-forest-area",
    "sampleCount" : 1300,
    "errorCount" : 345,
    "errorPct" : 26.538462,
    "meanResTime" : 72.71076923076922,
    "medianResTime" : 31.0,
    "minResTime" : 20.0,
    "maxResTime" : 3179.0,
    "pct1ResTime" : 143.0,
    "pct2ResTime" : 190.80000000000018,
    "pct3ResTime" : 419.97,
    "throughput" : 6.419150795727808,
    "receivedKBytesPerSec" : 148.1819105553059,
    "sentKBytesPerSec" : 0.9653801001387524
  },
  "/api/v2/encounter-condition-value/swarm-yes" : {
    "transaction" : "/api/v2/encounter-condition-value/swarm-yes",
    "sampleCount" : 1297,
    "errorCount" : 343,
    "errorPct" : 26.445644,
    "meanResTime" : 77.73708558211257,
    "medianResTime" : 25.0,
    "minResTime" : 16.0,
    "maxResTime" : 3202.0,
    "pct1ResTime" : 146.20000000000005,
    "pct2ResTime" : 200.39999999999964,
    "pct3ResTime" : 810.3599999999942,
    "throughput" : 6.409464461323306,
    "receivedKBytesPerSec" : 15.547181736670835,
    "sentKBytesPerSec" : 0.9827010941677332
  },
  "/api/v2/pal-park-area/field" : {
    "transaction" : "/api/v2/pal-park-area/field",
    "sampleCount" : 1297,
    "errorCount" : 335,
    "errorPct" : 25.828836,
    "meanResTime" : 73.90979182729376,
    "medianResTime" : 29.0,
    "minResTime" : 17.0,
    "maxResTime" : 1390.0,
    "pct1ResTime" : 145.20000000000005,
    "pct2ResTime" : 215.0999999999999,
    "pct3ResTime" : 508.6799999999994,
    "throughput" : 6.462671470070904,
    "receivedKBytesPerSec" : 106.36775818453494,
    "sentKBytesPerSec" : 0.8898795676562476
  },
  "/api/v2/location/sunyshore-city" : {
    "transaction" : "/api/v2/location/sunyshore-city",
    "sampleCount" : 1299,
    "errorCount" : 340,
    "errorPct" : 26.17398,
    "meanResTime" : 73.36104695919938,
    "medianResTime" : 25.0,
    "minResTime" : 15.0,
    "maxResTime" : 3186.0,
    "pct1ResTime" : 145.0,
    "pct2ResTime" : 212.0,
    "pct3ResTime" : 662.0,
    "throughput" : 6.423156989077172,
    "receivedKBytesPerSec" : 15.910980990125447,
    "sentKBytesPerSec" : 0.909529065836123
  },
  "/api/v2/item-attribute/consumable" : {
    "transaction" : "/api/v2/item-attribute/consumable",
    "sampleCount" : 1303,
    "errorCount" : 345,
    "errorPct" : 26.47736,
    "meanResTime" : 70.5464313123561,
    "medianResTime" : 26.0,
    "minResTime" : 15.0,
    "maxResTime" : 1793.0,
    "pct1ResTime" : 149.60000000000014,
    "pct2ResTime" : 208.79999999999995,
    "pct3ResTime" : 493.8000000000002,
    "throughput" : 6.43059839605182,
    "receivedKBytesPerSec" : 35.29206026372609,
    "sentKBytesPerSec" : 0.9231425431832202
  },
  "/api/v2/item-pocket/key" : {
    "transaction" : "/api/v2/item-pocket/key",
    "sampleCount" : 1302,
    "errorCount" : 344,
    "errorPct" : 26.42089,
    "meanResTime" : 63.621351766513065,
    "medianResTime" : 25.0,
    "minResTime" : 16.0,
    "maxResTime" : 1384.0,
    "pct1ResTime" : 145.70000000000005,
    "pct2ResTime" : 184.0,
    "pct3ResTime" : 399.97,
    "throughput" : 6.438182078909762,
    "receivedKBytesPerSec" : 18.48183319755626,
    "sentKBytesPerSec" : 0.8613583445416381
  },
  "/api/v2/item-pocket/machines" : {
    "transaction" : "/api/v2/item-pocket/machines",
    "sampleCount" : 1299,
    "errorCount" : 336,
    "errorPct" : 25.86605,
    "meanResTime" : 65.65280985373364,
    "medianResTime" : 25.0,
    "minResTime" : 16.0,
    "maxResTime" : 3236.0,
    "pct1ResTime" : 141.0,
    "pct2ResTime" : 184.0,
    "pct3ResTime" : 422.0,
    "throughput" : 6.488219810298238,
    "receivedKBytesPerSec" : 16.553234096931206,
    "sentKBytesPerSec" : 0.899733606506201
  },
  "/api/v2/berry-firmness/very-soft" : {
    "transaction" : "/api/v2/berry-firmness/very-soft",
    "sampleCount" : 1305,
    "errorCount" : 340,
    "errorPct" : 26.05364,
    "meanResTime" : 69.02605363984664,
    "medianResTime" : 25.0,
    "minResTime" : 16.0,
    "maxResTime" : 3176.0,
    "pct1ResTime" : 146.4000000000001,
    "pct2ResTime" : 197.10000000000014,
    "pct3ResTime" : 464.82000000000016,
    "throughput" : 6.449030421633161,
    "receivedKBytesPerSec" : 18.792428898513016,
    "sentKBytesPerSec" : 0.9194906655844156
  },
  "/api/v2/berry-firmness/hard" : {
    "transaction" : "/api/v2/berry-firmness/hard",
    "sampleCount" : 1305,
    "errorCount" : 344,
    "errorPct" : 26.360153,
    "meanResTime" : 69.96091954022992,
    "medianResTime" : 25.0,
    "minResTime" : 16.0,
    "maxResTime" : 3199.0,
    "pct1ResTime" : 139.4000000000001,
    "pct2ResTime" : 182.4000000000001,
    "pct3ResTime" : 500.7000000000003,
    "throughput" : 6.449986655200024,
    "receivedKBytesPerSec" : 20.68208454425037,
    "sentKBytesPerSec" : 0.888132928108597
  },
  "/api/v2/berry/iapapa" : {
    "transaction" : "/api/v2/berry/iapapa",
    "sampleCount" : 1306,
    "errorCount" : 338,
    "errorPct" : 25.88055,
    "meanResTime" : 76.26416539050545,
    "medianResTime" : 25.0,
    "minResTime" : 15.0,
    "maxResTime" : 3361.0,
    "pct1ResTime" : 149.29999999999995,
    "pct2ResTime" : 200.0,
    "pct3ResTime" : 1103.6700000000012,
    "throughput" : 6.420435272081922,
    "receivedKBytesPerSec" : 17.268851963124284,
    "sentKBytesPerSec" : 0.8401741469325952
  },
  "/api/v2/contest-type/smart" : {
    "transaction" : "/api/v2/contest-type/smart",
    "sampleCount" : 1303,
    "errorCount" : 337,
    "errorPct" : 25.863392,
    "meanResTime" : 74.80122793553342,
    "medianResTime" : 24.0,
    "minResTime" : 15.0,
    "maxResTime" : 3215.0,
    "pct1ResTime" : 143.0,
    "pct2ResTime" : 199.0,
    "pct3ResTime" : 1100.6400000000012,
    "throughput" : 6.432058604297582,
    "receivedKBytesPerSec" : 16.538228797469134,
    "sentKBytesPerSec" : 0.8793830123063101
  },
  "/api/v2/berry/lum" : {
    "transaction" : "/api/v2/berry/lum",
    "sampleCount" : 1305,
    "errorCount" : 338,
    "errorPct" : 25.900383,
    "meanResTime" : 69.79310344827583,
    "medianResTime" : 25.0,
    "minResTime" : 15.0,
    "maxResTime" : 3187.0,
    "pct1ResTime" : 147.4000000000001,
    "pct2ResTime" : 194.4000000000001,
    "pct3ResTime" : 461.8800000000001,
    "throughput" : 6.440595989556858,
    "receivedKBytesPerSec" : 17.333865088638394,
    "sentKBytesPerSec" : 0.8233120579801698
  },
  "/api/v2/item-fling-effect/flinch" : {
    "transaction" : "/api/v2/item-fling-effect/flinch",
    "sampleCount" : 1298,
    "errorCount" : 334,
    "errorPct" : 25.731895,
    "meanResTime" : 68.06240369799691,
    "medianResTime" : 25.0,
    "minResTime" : 16.0,
    "maxResTime" : 1321.0,
    "pct1ResTime" : 140.0,
    "pct2ResTime" : 183.04999999999995,
    "pct3ResTime" : 492.3299999999988,
    "throughput" : 6.448055399625436,
    "receivedKBytesPerSec" : 14.995467181298157,
    "sentKBytesPerSec" : 0.9193516487747205
  },
  "/api/v2/item/ultra-ball" : {
    "transaction" : "/api/v2/item/ultra-ball",
    "sampleCount" : 1303,
    "errorCount" : 346,
    "errorPct" : 26.554106,
    "meanResTime" : 74.55794320798168,
    "medianResTime" : 30.0,
    "minResTime" : 17.0,
    "maxResTime" : 3177.0,
    "pct1ResTime" : 148.0,
    "pct2ResTime" : 201.5999999999999,
    "pct3ResTime" : 555.920000000001,
    "throughput" : 6.444497200625161,
    "receivedKBytesPerSec" : 98.68504382369379,
    "sentKBytesPerSec" : 0.8622032387555147
  },
  "/api/v2/location-area/pastoria-city-area" : {
    "transaction" : "/api/v2/location-area/pastoria-city-area",
    "sampleCount" : 1299,
    "errorCount" : 339,
    "errorPct" : 26.096998,
    "meanResTime" : 67.0184757505773,
    "medianResTime" : 28.0,
    "minResTime" : 18.0,
    "maxResTime" : 1871.0,
    "pct1ResTime" : 143.0,
    "pct2ResTime" : 199.0,
    "pct3ResTime" : 418.0,
    "throughput" : 6.474056427457176,
    "receivedKBytesPerSec" : 81.67217235835821,
    "sentKBytesPerSec" : 0.9736373924105519
  },
  "/api/v2/item-category/choice" : {
    "transaction" : "/api/v2/item-category/choice",
    "sampleCount" : 1302,
    "errorCount" : 347,
    "errorPct" : 26.651306,
    "meanResTime" : 77.59293394777264,
    "medianResTime" : 25.0,
    "minResTime" : 15.0,
    "maxResTime" : 3186.0,
    "pct1ResTime" : 148.0,
    "pct2ResTime" : 211.69999999999982,
    "pct3ResTime" : 1122.5800000000004,
    "throughput" : 6.431122285172361,
    "receivedKBytesPerSec" : 15.584090620724316,
    "sentKBytesPerSec" : 0.891815785639136
  },
  "/api/v2/berry/rawst" : {
    "transaction" : "/api/v2/berry/rawst",
    "sampleCount" : 1305,
    "errorCount" : 342,
    "errorPct" : 26.206896,
    "meanResTime" : 76.50804597701146,
    "medianResTime" : 25.0,
    "minResTime" : 16.0,
    "maxResTime" : 3197.0,
    "pct1ResTime" : 145.0,
    "pct2ResTime" : 196.70000000000005,
    "pct3ResTime" : 591.8000000000011,
    "throughput" : 6.453463358669152,
    "receivedKBytesPerSec" : 17.40274969927108,
    "sentKBytesPerSec" : 0.8381939713896457
  },
  "/api/v2/encounter-condition/radar" : {
    "transaction" : "/api/v2/encounter-condition/radar",
    "sampleCount" : 1295,
    "errorCount" : 336,
    "errorPct" : 25.945946,
    "meanResTime" : 72.39150579150584,
    "medianResTime" : 24.0,
    "minResTime" : 15.0,
    "maxResTime" : 3236.0,
    "pct1ResTime" : 142.4000000000001,
    "pct2ResTime" : 187.60000000000014,
    "pct3ResTime" : 577.8399999999983,
    "throughput" : 6.472540434634839,
    "receivedKBytesPerSec" : 15.860379305863772,
    "sentKBytesPerSec" : 0.9284460186379176
  },
  "/api/v2/encounter-condition-value/time-night" : {
    "transaction" : "/api/v2/encounter-condition-value/time-night",
    "sampleCount" : 1295,
    "errorCount" : 336,
    "errorPct" : 25.945946,
    "meanResTime" : 71.37528957528961,
    "medianResTime" : 25.0,
    "minResTime" : 15.0,
    "maxResTime" : 3183.0,
    "pct1ResTime" : 146.4000000000001,
    "pct2ResTime" : 229.80000000000018,
    "pct3ResTime" : 490.0799999999999,
    "throughput" : 6.46043172645684,
    "receivedKBytesPerSec" : 15.420997135833696,
    "sentKBytesPerSec" : 0.9968244265431453
  },
  "/api/v2/item/ice-heal" : {
    "transaction" : "/api/v2/item/ice-heal",
    "sampleCount" : 1303,
    "errorCount" : 343,
    "errorPct" : 26.323868,
    "meanResTime" : 80.41059094397545,
    "medianResTime" : 30.0,
    "minResTime" : 18.0,
    "maxResTime" : 3200.0,
    "pct1ResTime" : 154.0,
    "pct2ResTime" : 223.79999999999973,
    "pct3ResTime" : 755.6400000000049,
    "throughput" : 6.438096932145522,
    "receivedKBytesPerSec" : 91.9804681130768,
    "sentKBytesPerSec" : 0.8487725447652787
  },
  "/api/v2/encounter-method/headbutt" : {
    "transaction" : "/api/v2/encounter-method/headbutt",
    "sampleCount" : 1297,
    "errorCount" : 340,
    "errorPct" : 26.21434,
    "meanResTime" : 72.52043176561297,
    "medianResTime" : 25.0,
    "minResTime" : 15.0,
    "maxResTime" : 3129.0,
    "pct1ResTime" : 146.0,
    "pct2ResTime" : 224.19999999999982,
    "pct3ResTime" : 523.8999999999992,
    "throughput" : 6.432159807183983,
    "receivedKBytesPerSec" : 15.332650673157511,
    "sentKBytesPerSec" : 0.923366691070357
  },
  "/api/v2/item-fling-effect/burn" : {
    "transaction" : "/api/v2/item-fling-effect/burn",
    "sampleCount" : 1301,
    "errorCount" : 343,
    "errorPct" : 26.364336,
    "meanResTime" : 64.8224442736357,
    "medianResTime" : 25.0,
    "minResTime" : 15.0,
    "maxResTime" : 1863.0,
    "pct1ResTime" : 141.0,
    "pct2ResTime" : 191.0,
    "pct3ResTime" : 455.84000000000015,
    "throughput" : 6.422788309636651,
    "receivedKBytesPerSec" : 14.587040761070794,
    "sentKBytesPerSec" : 0.9032046060426541
  },
  "/api/v2/item-pocket/medicine" : {
    "transaction" : "/api/v2/item-pocket/medicine",
    "sampleCount" : 1300,
    "errorCount" : 344,
    "errorPct" : 26.461538,
    "meanResTime" : 77.08692307692314,
    "medianResTime" : 25.0,
    "minResTime" : 15.0,
    "maxResTime" : 3185.0,
    "pct1ResTime" : 150.9000000000001,
    "pct2ResTime" : 218.85000000000014,
    "pct3ResTime" : 1103.3700000000033,
    "throughput" : 6.434082821493797,
    "receivedKBytesPerSec" : 18.13697477932333,
    "sentKBytesPerSec" : 0.8922263287618349
  },
  "/api/v2/pal-park-area/pond" : {
    "transaction" : "/api/v2/pal-park-area/pond",
    "sampleCount" : 1297,
    "errorCount" : 336,
    "errorPct" : 25.905937,
    "meanResTime" : 68.86121819583646,
    "medianResTime" : 26.0,
    "minResTime" : 16.0,
    "maxResTime" : 2009.0,
    "pct1ResTime" : 145.0,
    "pct2ResTime" : 196.39999999999964,
    "pct3ResTime" : 420.1999999999998,
    "throughput" : 6.448597666174445,
    "receivedKBytesPerSec" : 39.71931959712423,
    "sentKBytesPerSec" : 0.8816442121722875
  },
  "/api/v2/item/antidote" : {
    "transaction" : "/api/v2/item/antidote",
    "sampleCount" : 1302,
    "errorCount" : 337,
    "errorPct" : 25.883257,
    "meanResTime" : 75.68433179723495,
    "medianResTime" : 29.0,
    "minResTime" : 19.0,
    "maxResTime" : 3201.0,
    "pct1ResTime" : 152.0,
    "pct2ResTime" : 212.0,
    "pct3ResTime" : 490.85000000000014,
    "throughput" : 6.442227763923524,
    "receivedKBytesPerSec" : 92.94788164447512,
    "sentKBytesPerSec" : 0.8493171368453865
  },
  "/api/v2/contest-effect/9" : {
    "transaction" : "/api/v2/contest-effect/9",
    "sampleCount" : 1304,
    "errorCount" : 341,
    "errorPct" : 26.150307,
    "meanResTime" : 68.97469325153381,
    "medianResTime" : 25.0,
    "minResTime" : 16.0,
    "maxResTime" : 1487.0,
    "pct1ResTime" : 146.5,
    "pct2ResTime" : 197.0,
    "pct3ResTime" : 499.50000000000045,
    "throughput" : 6.440682988990581,
    "receivedKBytesPerSec" : 15.20129218054657,
    "sentKBytesPerSec" : 0.8679826684381838
  },
  "/api/v2/encounter-condition-value/item-claw-fossil" : {
    "transaction" : "/api/v2/encounter-condition-value/item-claw-fossil",
    "sampleCount" : 1296,
    "errorCount" : 340,
    "errorPct" : 26.234568,
    "meanResTime" : 67.44675925925925,
    "medianResTime" : 25.0,
    "minResTime" : 15.0,
    "maxResTime" : 3114.0,
    "pct1ResTime" : 146.29999999999995,
    "pct2ResTime" : 195.0,
    "pct3ResTime" : 462.03,
    "throughput" : 6.414126916566858,
    "receivedKBytesPerSec" : 15.360605951874252,
    "sentKBytesPerSec" : 1.0272625139814109
  },
  "/api/v2/contest-effect/7" : {
    "transaction" : "/api/v2/contest-effect/7",
    "sampleCount" : 1302,
    "errorCount" : 337,
    "errorPct" : 25.883257,
    "meanResTime" : 67.34869431643631,
    "medianResTime" : 25.0,
    "minResTime" : 15.0,
    "maxResTime" : 1354.0,
    "pct1ResTime" : 147.0,
    "pct2ResTime" : 190.8499999999999,
    "pct3ResTime" : 491.52000000000044,
    "throughput" : 6.459166360740969,
    "receivedKBytesPerSec" : 15.233961263915484,
    "sentKBytesPerSec" : 0.870473591584232
  },
  "Total" : {
    "transaction" : "Total",
    "sampleCount" : 117074,
    "errorCount" : 31623,
    "errorPct" : 27.011122,
    "meanResTime" : 74.80799323504826,
    "medianResTime" : 127.0,
    "minResTime" : 15.0,
    "maxResTime" : 286627.0,
    "pct1ResTime" : 248.0,
    "pct2ResTime" : 401.0,
    "pct3ResTime" : 1309.9600000000064,
    "throughput" : 248.5468140304097,
    "receivedKBytesPerSec" : 1308.7469348517038,
    "sentKBytesPerSec" : 34.831903306741125
  },
  "/api/v2/encounter-condition/weekday" : {
    "transaction" : "/api/v2/encounter-condition/weekday",
    "sampleCount" : 1297,
    "errorCount" : 341,
    "errorPct" : 26.291441,
    "meanResTime" : 74.13415574402471,
    "medianResTime" : 25.0,
    "minResTime" : 15.0,
    "maxResTime" : 3186.0,
    "pct1ResTime" : 148.20000000000005,
    "pct2ResTime" : 195.29999999999973,
    "pct3ResTime" : 951.6199999999976,
    "throughput" : 6.429800165578508,
    "receivedKBytesPerSec" : 16.758109171822404,
    "sentKBytesPerSec" : 0.9355861569054665
  },
  "/api/v2/pal-park-area/sea" : {
    "transaction" : "/api/v2/pal-park-area/sea",
    "sampleCount" : 1298,
    "errorCount" : 340,
    "errorPct" : 26.194145,
    "meanResTime" : 71.05238828967647,
    "medianResTime" : 26.0,
    "minResTime" : 16.0,
    "maxResTime" : 3202.0,
    "pct1ResTime" : 145.10000000000014,
    "pct2ResTime" : 211.04999999999995,
    "pct3ResTime" : 477.03,
    "throughput" : 6.43817270968702,
    "receivedKBytesPerSec" : 45.57617817196567,
    "sentKBytesPerSec" : 0.8739316471157184
  },
  "/api/v2/contest-type/cool" : {
    "transaction" : "/api/v2/contest-type/cool",
    "sampleCount" : 1304,
    "errorCount" : 342,
    "errorPct" : 26.226994,
    "meanResTime" : 71.36119631901845,
    "medianResTime" : 25.0,
    "minResTime" : 15.0,
    "maxResTime" : 3096.0,
    "pct1ResTime" : 143.0,
    "pct2ResTime" : 209.0,
    "pct3ResTime" : 529.2000000000016,
    "throughput" : 6.430360770854292,
    "receivedKBytesPerSec" : 16.5901397025465,
    "sentKBytesPerSec" : 0.8728712374499477
  },
  "/api/v2/berry-flavor/bitter" : {
    "transaction" : "/api/v2/berry-flavor/bitter",
    "sampleCount" : 1305,
    "errorCount" : 341,
    "errorPct" : 26.130268,
    "meanResTime" : 75.49885057471268,
    "medianResTime" : 25.0,
    "minResTime" : 16.0,
    "maxResTime" : 3120.0,
    "pct1ResTime" : 145.4000000000001,
    "pct2ResTime" : 211.70000000000005,
    "pct3ResTime" : 835.3000000000106,
    "throughput" : 6.44050063171194,
    "receivedKBytesPerSec" : 27.228639160464702,
    "sentKBytesPerSec" : 0.886826747140023
  }
}