{
  "/api/v2/item-attribute/underground" : {
    "transaction" : "/api/v2/item-attribute/underground",
    "sampleCount" : 165,
    "errorCount" : 0,
    "errorPct" : 0.0,
    "meanResTime" : 43.27878787878787,
    "medianResTime" : 24.0,
    "minResTime" : 18.0,
    "maxResTime" : 557.0,
    "pct1ResTime" : 54.400000000000006,
    "pct2ResTime" : 220.7,
    "pct3ResTime" : 371.540000000001,
    "throughput" : 0.8953814596345758,
    "receivedKBytesPerSec" : 3.9825344230080475,
    "sentKBytesPerSec" : 0.1294106015878098
  },
  "/api/v2/item-attribute/holdable" : {
    "transaction" : "/api/v2/item-attribute/holdable",
    "sampleCount" : 166,
    "errorCount" : 0,
    "errorPct" : 0.0,
    "meanResTime" : 41.349397590361455,
    "medianResTime" : 25.0,
    "minResTime" : 18.0,
    "maxResTime" : 621.0,
    "pct1ResTime" : 51.30000000000001,
    "pct2ResTime" : 157.45000000000076,
    "pct3ResTime" : 417.3200000000038,
    "throughput" : 0.8905770510096783,
    "receivedKBytesPerSec" : 11.117574864133351,
    "sentKBytesPerSec" : 0.12610710194961267
  },
  "/api/v2/region/johto" : {
    "transaction" : "/api/v2/region/johto",
    "sampleCount" : 166,
    "errorCount" : 0,
    "errorPct" : 0.0,
    "meanResTime" : 38.04216867469879,
    "medianResTime" : 24.0,
    "minResTime" : 19.0,
    "maxResTime" : 529.0,
    "pct1ResTime" : 46.60000000000002,
    "pct2ResTime" : 71.40000000000009,
    "pct3ResTime" : 511.5800000000003,
    "throughput" : 0.8889793339081352,
    "receivedKBytesPerSec" : 6.277381048808179,
    "sentKBytesPerSec" : 0.11633128002313489
  },
  "/api/v2/region/paldea" : {
    "transaction" : "/api/v2/region/paldea",
    "sampleCount" : 165,
    "errorCount" : 0,
    "errorPct" : 0.0,
    "meanResTime" : 36.230303030303034,
    "medianResTime" : 24.0,
    "minResTime" : 18.0,
    "maxResTime" : 579.0,
    "pct1ResTime" : 45.0,
    "pct2ResTime" : 79.79999999999995,
    "pct3ResTime" : 363.1800000000011,
    "throughput" : 0.9080602731885573,
    "receivedKBytesPerSec" : 5.847825393423993,
    "sentKBytesPerSec" : 0.11971497742231958
  },
  "/api/v2/item/poke-ball" : {
    "transaction" : "/api/v2/item/poke-ball",
    "sampleCount" : 166,
    "errorCount" : 0,
    "errorPct" : 0.0,
    "meanResTime" : 49.25903614457833,
    "medianResTime" : 27.0,
    "minResTime" : 22.0,
    "maxResTime" : 700.0,
    "pct1ResTime" : 57.30000000000001,
    "pct2ResTime" : 231.55000000000004,
    "pct3ResTime" : 619.6000000000015,
    "throughput" : 0.8905770510096783,
    "receivedKBytesPerSec" : 17.271737657996955,
    "sentKBytesPerSec" : 0.1182797645872229
  },
  "/api/v2/super-contest-effect/3" : {
    "transaction" : "/api/v2/super-contest-effect/3",
    "sampleCount" : 166,
    "errorCount" : 166,
    "errorPct" : 100.0,
    "meanResTime" : 35.6265060240964,
    "medianResTime" : 22.0,
    "minResTime" : 17.0,
    "maxResTime" : 767.0,
    "pct1ResTime" : 43.30000000000001,
    "pct2ResTime" : 56.650000000000006,
    "pct3ResTime" : 633.0000000000025,
    "throughput" : 0.8905674953593923,
    "receivedKBytesPerSec" : 0.862428152729643,
    "sentKBytesPerSec" : 0.12523605403491453
  },
  "/api/v2/super-contest-effect/1" : {
    "transaction" : "/api/v2/super-contest-effect/1",
    "sampleCount" : 166,
    "errorCount" : 0,
    "errorPct" : 0.0,
    "meanResTime" : 39.1024096385542,
    "medianResTime" : 23.0,
    "minResTime" : 18.0,
    "maxResTime" : 490.0,
    "pct1ResTime" : 48.0,
    "pct2ResTime" : 182.9500000000007,
    "pct3ResTime" : 420.99000000000126,
    "throughput" : 0.8879474506279821,
    "receivedKBytesPerSec" : 2.038355084034063,
    "sentKBytesPerSec" : 0.12486761024455997
  },
  "/api/v2/berry/razz" : {
    "transaction" : "/api/v2/berry/razz",
    "sampleCount" : 166,
    "errorCount" : 0,
    "errorPct" : 0.0,
    "meanResTime" : 35.21084337349399,
    "medianResTime" : 22.0,
    "minResTime" : 17.0,
    "maxResTime" : 331.0,
    "pct1ResTime" : 46.30000000000001,
    "pct2ResTime" : 82.10000000000008,
    "pct3ResTime" : 293.4800000000007,
    "throughput" : 0.8912847386280658,
    "receivedKBytesPerSec" : 1.6899038429271724,
    "sentKBytesPerSec" : 0.11489217333877412
  },
  "/api/v2/item-pocket/battle" : {
    "transaction" : "/api/v2/item-pocket/battle",
    "sampleCount" : 165,
    "errorCount" : 0,
    "errorPct" : 0.0,
    "meanResTime" : 40.64848484848487,
    "medianResTime" : 22.0,
    "minResTime" : 18.0,
    "maxResTime" : 1318.0,
    "pct1ResTime" : 48.400000000000006,
    "pct2ResTime" : 101.99999999999966,
    "pct3ResTime" : 612.4600000000037,
    "throughput" : 0.8913763390903638,
    "receivedKBytesPerSec" : 1.6267987484941142,
    "sentKBytesPerSec" : 0.1218678588600107
  },
  "/api/v2/contest-effect/5" : {
    "transaction" : "/api/v2/contest-effect/5",
    "sampleCount" : 166,
    "errorCount" : 0,
    "errorPct" : 0.0,
    "meanResTime" : 33.99397590361445,
    "medianResTime" : 22.0,
    "minResTime" : 16.0,
    "maxResTime" : 499.0,
    "pct1ResTime" : 46.60000000000002,
    "pct2ResTime" : 52.0,
    "pct3ResTime" : 405.8700000000017,
    "throughput" : 0.8902904706740464,
    "receivedKBytesPerSec" : 1.262058391121766,
    "sentKBytesPerSec" : 0.11998055171193205
  },
  "/api/v2/item-attribute/usable-overworld" : {
    "transaction" : "/api/v2/item-attribute/usable-overworld",
    "sampleCount" : 165,
    "errorCount" : 0,
    "errorPct" : 0.0,
    "meanResTime" : 41.55151515151513,
    "medianResTime" : 23.0,
    "minResTime" : 17.0,
    "maxResTime" : 592.0,
    "pct1ResTime" : 54.0,
    "pct2ResTime" : 178.19999999999857,
    "pct3ResTime" : 585.4000000000001,
    "throughput" : 0.9080552758011524,
    "receivedKBytesPerSec" : 3.551831124420083,
    "sentKBytesPerSec" : 0.13567622773200813
  },
  "/api/v2/contest-effect/3" : {
    "transaction" : "/api/v2/contest-effect/3",
    "sampleCount" : 166,
    "errorCount" : 0,
    "errorPct" : 0.0,
    "meanResTime" : 42.355421686747015,
    "medianResTime" : 22.0,
    "minResTime" : 17.0,
    "maxResTime" : 768.0,
    "pct1ResTime" : 45.0,
    "pct2ResTime" : 199.75000000000054,
    "pct3ResTime" : 597.1500000000032,
    "throughput" : 0.8885368046931872,
    "receivedKBytesPerSec" : 1.2948036153010318,
    "sentKBytesPerSec" : 0.11974421781998029
  },
  "/api/v2/contest-effect/1" : {
    "transaction" : "/api/v2/contest-effect/1",
    "sampleCount" : 166,
    "errorCount" : 0,
    "errorPct" : 0.0,
    "meanResTime" : 34.156626506024104,
    "medianResTime" : 21.5,
    "minResTime" : 18.0,
    "maxResTime" : 473.0,
    "pct1ResTime" : 44.0,
    "pct2ResTime" : 54.650000000000006,
    "pct3ResTime" : 347.7100000000023,
    "throughput" : 0.8879379513238834,
    "receivedKBytesPerSec" : 1.2425824083979675,
    "sentKBytesPerSec" : 0.11966351297138272
  },
  "/api/v2/location-area/sunyshore-city-area" : {
    "transaction" : "/api/v2/location-area/sunyshore-city-area",
    "sampleCount" : 165,
    "errorCount" : 0,
    "errorPct" : 0.0,
    "meanResTime" : 36.16363636363637,
    "medianResTime" : 26.0,
    "minResTime" : 20.0,
    "maxResTime" : 393.0,
    "pct1ResTime" : 45.400000000000006,
    "pct2ResTime" : 56.099999999999966,
    "pct3ResTime" : 343.5000000000002,
    "throughput" : 0.9080202956293957,
    "receivedKBytesPerSec" : 13.890867181738887,
    "sentKBytesPerSec" : 0.13744447834234017
  },
  "/api/v2/encounter-method/gift" : {
    "transaction" : "/api/v2/encounter-method/gift",
    "sampleCount" : 165,
    "errorCount" : 0,
    "errorPct" : 0.0,
    "meanResTime" : 28.430303030303037,
    "medianResTime" : 22.0,
    "minResTime" : 17.0,
    "maxResTime" : 284.0,
    "pct1ResTime" : 40.400000000000006,
    "pct2ResTime" : 52.0,
    "pct3ResTime" : 188.9600000000005,
    "throughput" : 0.8943574177462192,
    "receivedKBytesPerSec" : 1.1763690189847689,
    "sentKBytesPerSec" : 0.12489561595479429
  },
  "/api/v2/encounter-method/walk" : {
    "transaction" : "/api/v2/encounter-method/walk",
    "sampleCount" : 166,
    "errorCount" : 0,
    "errorPct" : 0.0,
    "meanResTime" : 40.09036144578313,
    "medianResTime" : 21.5,
    "minResTime" : 16.0,
    "maxResTime" : 619.0,
    "pct1ResTime" : 49.0,
    "pct2ResTime" : 130.30000000000024,
    "pct3ResTime" : 540.6100000000015,
    "throughput" : 0.8888127389353523,
    "receivedKBytesPerSec" : 1.3120215436696188,
    "sentKBytesPerSec" : 0.12412131022241736
  },
  "/api/v2/item-category/collectibles" : {
    "transaction" : "/api/v2/item-category/collectibles",
    "sampleCount" : 165,
    "errorCount" : 0,
    "errorPct" : 0.0,
    "meanResTime" : 42.22424242424241,
    "medianResTime" : 23.0,
    "minResTime" : 17.0,
    "maxResTime" : 769.0,
    "pct1ResTime" : 46.400000000000006,
    "pct2ResTime" : 182.69999999999874,
    "pct3ResTime" : 682.5400000000004,
    "throughput" : 0.9079953114423919,
    "receivedKBytesPerSec" : 1.9494867848849047,
    "sentKBytesPerSec" : 0.1312336973569082
  },
  "/api/v2/berry-firmness/soft" : {
    "transaction" : "/api/v2/berry-firmness/soft",
    "sampleCount" : 166,
    "errorCount" : 0,
    "errorPct" : 0.0,
    "meanResTime" : 32.84337349397591,
    "medianResTime" : 22.0,
    "minResTime" : 17.0,
    "maxResTime" : 592.0,
    "pct1ResTime" : 40.0,
    "pct2ResTime" : 55.60000000000002,
    "pct3ResTime" : 366.8800000000042,
    "throughput" : 0.8896272676116723,
    "receivedKBytesPerSec" : 2.4383262798440475,
    "sentKBytesPerSec" : 0.12249750462231035
  },
  "/api/v2/item-category/evolution" : {
    "transaction" : "/api/v2/item-category/evolution",
    "sampleCount" : 165,
    "errorCount" : 0,
    "errorPct" : 0.0,
    "meanResTime" : 38.24848484848484,
    "medianResTime" : 23.0,
    "minResTime" : 18.0,
    "maxResTime" : 759.0,
    "pct1ResTime" : 45.400000000000006,
    "pct2ResTime" : 75.79999999999973,
    "pct3ResTime" : 588.0600000000009,
    "throughput" : 0.8954300506324991,
    "receivedKBytesPerSec" : 3.204601908419213,
    "sentKBytesPerSec" : 0.126794294279016
  },
  "/api/v2/contest-type/cute" : {
    "transaction" : "/api/v2/contest-type/cute",
    "sampleCount" : 166,
    "errorCount" : 0,
    "errorPct" : 0.0,
    "meanResTime" : 34.09638554216866,
    "medianResTime" : 22.0,
    "minResTime" : 17.0,
    "maxResTime" : 503.0,
    "pct1ResTime" : 39.0,
    "pct2ResTime" : 53.95000000000002,
    "pct3ResTime" : 368.33000000000254,
    "throughput" : 0.8904719501335707,
    "receivedKBytesPerSec" : 1.5271826537002864,
    "sentKBytesPerSec" : 0.12087461041852181
  },
  "/api/v2/super-contest-effect/7" : {
    "transaction" : "/api/v2/super-contest-effect/7",
    "sampleCount" : 165,
    "errorCount" : 0,
    "errorPct" : 0.0,
    "meanResTime" : 42.721212121212126,
    "medianResTime" : 23.0,
    "minResTime" : 17.0,
    "maxResTime" : 593.0,
    "pct1ResTime" : 49.0,
    "pct2ResTime" : 201.89999999999992,
    "pct3ResTime" : 577.82,
    "throughput" : 0.895969765093018,
    "receivedKBytesPerSec" : 2.5640028704970734,
    "sentKBytesPerSec" : 0.12599574821620566
  },
  "/api/v2/encounter-method/purple-flowers" : {
    "transaction" : "/api/v2/encounter-method/purple-flowers",
    "sampleCount" : 165,
    "errorCount" : 0,
    "errorPct" : 0.0,
    "meanResTime" : 36.53939393939394,
    "medianResTime" : 22.0,
    "minResTime" : 18.0,
    "maxResTime" : 333.0,
    "pct1ResTime" : 51.0,
    "pct2ResTime" : 117.19999999999959,
    "pct3ResTime" : 319.1400000000001,
    "throughput" : 0.9066681319889002,
    "receivedKBytesPerSec" : 1.3266621819792839,
    "sentKBytesPerSec" : 0.13546896893974777
  },
  "/api/v2/super-contest-effect/5" : {
    "transaction" : "/api/v2/super-contest-effect/5",
    "sampleCount" : 166,
    "errorCount" : 0,
    "errorPct" : 0.0,
    "meanResTime" : 35.632530120481945,
    "medianResTime" : 25.0,
    "minResTime" : 18.0,
    "maxResTime" : 581.0,
    "pct1ResTime" : 45.60000000000002,
    "pct2ResTime" : 60.650000000000006,
    "pct3ResTime" : 398.09000000000344,
    "throughput" : 0.890247499530743,
    "receivedKBytesPerSec" : 5.144438969779851,
    "sentKBytesPerSec" : 0.12519105462151073
  },
  "/api/v2/berry-firmness/very-hard" : {
    "transaction" : "/api/v2/berry-firmness/very-hard",
    "sampleCount" : 166,
    "errorCount" : 0,
    "errorPct" : 0.0,
    "meanResTime" : 34.614457831325296,
    "medianResTime" : 23.0,
    "minResTime" : 17.0,
    "maxResTime" : 513.0,
    "pct1ResTime" : 44.200000000000045,
    "pct2ResTime" : 70.60000000000014,
    "pct3ResTime" : 503.6200000000002,
    "throughput" : 0.8928619452557296,
    "receivedKBytesPerSec" : 2.092272247927861,
    "sentKBytesPerSec" : 0.12730258203841457
  },
  "/api/v2/contest-type/beauty" : {
    "transaction" : "/api/v2/contest-type/beauty",
    "sampleCount" : 166,
    "errorCount" : 0,
    "errorPct" : 0.0,
    "meanResTime" : 31.47590361445783,
    "medianResTime" : 22.0,
    "minResTime" : 17.0,
    "maxResTime" : 277.0,
    "pct1ResTime" : 47.0,
    "pct2ResTime" : 52.0,
    "pct3ResTime" : 258.9100000000003,
    "throughput" : 0.8885700980103525,
    "receivedKBytesPerSec" : 1.5270312157084205,
    "sentKBytesPerSec" : 0.1223519373236911
  },
  "/api/v2/item-fling-effect/paralyze" : {
    "transaction" : "/api/v2/item-fling-effect/paralyze",
    "sampleCount" : 166,
    "errorCount" : 0,
    "errorPct" : 0.0,
    "meanResTime" : 34.61445783132533,
    "medianResTime" : 22.0,
    "minResTime" : 17.0,
    "maxResTime" : 619.0,
    "pct1ResTime" : 37.60000000000002,
    "pct2ResTime" : 54.85000000000005,
    "pct3ResTime" : 412.64000000000385,
    "throughput" : 0.8905674953593923,
    "receivedKBytesPerSec" : 1.1545198731343684,
    "sentKBytesPerSec" : 0.12871483331366218
  },
  "/api/v2/encounter-condition-value/season-winter" : {
    "transaction" : "/api/v2/encounter-condition-value/season-winter",
    "sampleCount" : 165,
    "errorCount" : 0,
    "errorPct" : 0.0,
    "meanResTime" : 43.212121212121225,
    "medianResTime" : 22.0,
    "minResTime" : 17.0,
    "maxResTime" : 636.0,
    "pct1ResTime" : 48.400000000000006,
    "pct2ResTime" : 209.7999999999995,
    "pct3ResTime" : 545.5800000000005,
    "throughput" : 0.8945659186649824,
    "receivedKBytesPerSec" : 1.3190188102815443,
    "sentKBytesPerSec" : 0.14064952432134975
  },
  "/api/v2/region/unova" : {
    "transaction" : "/api/v2/region/unova",
    "sampleCount" : 166,
    "errorCount" : 0,
    "errorPct" : 0.0,
    "meanResTime" : 37.68072289156625,
    "medianResTime" : 25.0,
    "minResTime" : 19.0,
    "maxResTime" : 506.0,
    "pct1ResTime" : 50.0,
    "pct2ResTime" : 64.20000000000005,
    "pct3ResTime" : 358.60000000000275,
    "throughput" : 0.8888079799964662,
    "receivedKBytesPerSec" : 9.722979116358886,
    "sentKBytesPerSec" : 0.11630885675735007
  },
  "/api/v2/berry-flavor/sweet" : {
    "transaction" : "/api/v2/berry-flavor/sweet",
    "sampleCount" : 166,
    "errorCount" : 0,
    "errorPct" : 0.0,
    "meanResTime" : 33.72289156626506,
    "medianResTime" : 23.0,
    "minResTime" : 18.0,
    "maxResTime" : 513.0,
    "pct1ResTime" : 44.30000000000001,
    "pct2ResTime" : 53.30000000000001,
    "pct3ResTime" : 350.860000000003,
    "throughput" : 0.8917252197082017,
    "receivedKBytesPerSec" : 3.5884879063124475,
    "sentKBytesPerSec" : 0.1219155573819807
  },
  "/api/v2/super-contest-effect/9" : {
    "transaction" : "/api/v2/super-contest-effect/9",
    "sampleCount" : 165,
    "errorCount" : 0,
    "errorPct" : 0.0,
    "meanResTime" : 35.672727272727265,
    "medianResTime" : 22.0,
    "minResTime" : 17.0,
    "maxResTime" : 884.0,
    "pct1ResTime" : 45.400000000000006,
    "pct2ResTime" : 75.19999999999982,
    "pct3ResTime" : 453.6800000000022,
    "throughput" : 0.9052603858055172,
    "receivedKBytesPerSec" : 1.7210073644989796,
    "sentKBytesPerSec" : 0.12730224175390084
  },
  "/api/v2/berry-flavor/spicy" : {
    "transaction" : "/api/v2/berry-flavor/spicy",
    "sampleCount" : 166,
    "errorCount" : 0,
    "errorPct" : 0.0,
    "meanResTime" : 37.92771084337348,
    "medianResTime" : 24.0,
    "minResTime" : 18.0,
    "maxResTime" : 640.0,
    "pct1ResTime" : 48.30000000000001,
    "pct2ResTime" : 84.7000000000001,
    "pct3ResTime" : 406.1700000000044,
    "throughput" : 0.8890888446129785,
    "receivedKBytesPerSec" : 3.5775490672601067,
    "sentKBytesPerSec" : 0.12155511547443067
  },
  "/api/v2/encounter-method/surf" : {
    "transaction" : "/api/v2/encounter-method/surf",
    "sampleCount" : 166,
    "errorCount" : 0,
    "errorPct" : 0.0,
    "meanResTime" : 45.89759036144577,
    "medianResTime" : 22.0,
    "minResTime" : 17.0,
    "maxResTime" : 575.0,
    "pct1ResTime" : 48.60000000000002,
    "pct2ResTime" : 237.0500000000001,
    "pct3ResTime" : 560.2600000000002,
    "throughput" : 0.8889983773101908,
    "receivedKBytesPerSec" : 1.2305732432910077,
    "sentKBytesPerSec" : 0.1241472343314036
  },
  "/api/v2/item-fling-effect/poison" : {
    "transaction" : "/api/v2/item-fling-effect/poison",
    "sampleCount" : 166,
    "errorCount" : 0,
    "errorPct" : 0.0,
    "meanResTime" : 39.22891566265063,
    "medianResTime" : 23.0,
    "minResTime" : 18.0,
    "maxResTime" : 620.0,
    "pct1ResTime" : 50.30000000000001,
    "pct2ResTime" : 96.90000000000015,
    "pct3ResTime" : 523.5200000000018,
    "throughput" : 0.8912512415774073,
    "receivedKBytesPerSec" : 1.15277421243725,
    "sentKBytesPerSec" : 0.1270729309280288
  },
  "/api/v2/item-attribute/countable" : {
    "transaction" : "/api/v2/item-attribute/countable",
    "sampleCount" : 166,
    "errorCount" : 0,
    "errorPct" : 0.0,
    "meanResTime" : 46.48192771084337,
    "medianResTime" : 23.0,
    "minResTime" : 18.0,
    "maxResTime" : 549.0,
    "pct1ResTime" : 64.1000000000002,
    "pct2ResTime" : 237.90000000000003,
    "pct3ResTime" : 502.1000000000009,
    "throughput" : 0.8883038213118001,
    "receivedKBytesPerSec" : 5.1365986609221235,
    "sentKBytesPerSec" : 0.1266526932729715
  },
  "/api/v2/location/eterna-forest" : {
    "transaction" : "/api/v2/location/eterna-forest",
    "sampleCount" : 166,
    "errorCount" : 0,
    "errorPct" : 0.0,
    "meanResTime" : 37.56024096385546,
    "medianResTime" : 22.0,
    "minResTime" : 17.0,
    "maxResTime" : 601.0,
    "pct1ResTime" : 47.30000000000001,
    "pct2ResTime" : 109.55000000000038,
    "pct3ResTime" : 542.7100000000011,
    "throughput" : 0.8903000203803619,
    "receivedKBytesPerSec" : 1.4084248410465852,
    "sentKBytesPerSec" : 0.1251984403659884
  },
  "/api/v2/location/pinwheel-forest" : {
    "transaction" : "/api/v2/location/pinwheel-forest",
    "sampleCount" : 165,
    "errorCount" : 0,
    "errorPct" : 0.0,
    "meanResTime" : 35.95757575757576,
    "medianResTime" : 23.0,
    "minResTime" : 17.0,
    "maxResTime" : 301.0,
    "pct1ResTime" : 50.20000000000002,
    "pct2ResTime" : 82.09999999999997,
    "pct3ResTime" : 277.2400000000001,
    "throughput" : 0.8957314325731379,
    "receivedKBytesPerSec" : 1.6293395049455233,
    "sentKBytesPerSec" : 0.12771170815984192
  },
  "/api/v2/encounter-condition/season" : {
    "transaction" : "/api/v2/encounter-condition/season",
    "sampleCount" : 165,
    "errorCount" : 0,
    "errorPct" : 0.0,
    "meanResTime" : 35.03636363636365,
    "medianResTime" : 22.0,
    "minResTime" : 17.0,
    "maxResTime" : 592.0,
    "pct1ResTime" : 45.80000000000001,
    "pct2ResTime" : 71.99999999999977,
    "pct3ResTime" : 359.02000000000123,
    "throughput" : 0.8946144211844695,
    "receivedKBytesPerSec" : 1.5497542860163631,
    "sentKBytesPerSec" : 0.12929974056181784
  },
  "/api/v2/location/chargestone-cave" : {
    "transaction" : "/api/v2/location/chargestone-cave",
    "sampleCount" : 166,
    "errorCount" : 0,
    "errorPct" : 0.0,
    "meanResTime" : 38.234939759036166,
    "medianResTime" : 22.0,
    "minResTime" : 17.0,
    "maxResTime" : 266.0,
    "pct1ResTime" : 56.60000000000002,
    "pct2ResTime" : 143.5500000000006,
    "pct3ResTime" : 255.2800000000002,
    "throughput" : 0.8890126603971638,
    "receivedKBytesPerSec" : 1.7793746552398193,
    "sentKBytesPerSec" : 0.12762193464685848
  },
  "/api/v2/berry/pinap" : {
    "transaction" : "/api/v2/berry/pinap",
    "sampleCount" : 166,
    "errorCount" : 0,
    "errorPct" : 0.0,
    "meanResTime" : 40.355421686747,
    "medianResTime" : 22.0,
    "minResTime" : 17.0,
    "maxResTime" : 629.0,
    "pct1ResTime" : 47.0,
    "pct2ResTime" : 196.8000000000004,
    "pct3ResTime" : 525.1500000000019,
    "throughput" : 0.8889983773101908,
    "receivedKBytesPerSec" : 1.6716207016125144,
    "sentKBytesPerSec" : 0.11546560955298377
  },
  "/api/v2/location-area/valley-windworks-area" : {
    "transaction" : "/api/v2/location-area/valley-windworks-area",
    "sampleCount" : 165,
    "errorCount" : 0,
    "errorPct" : 0.0,
    "meanResTime" : 51.0060606060606,
    "medianResTime" : 33.0,
    "minResTime" : 23.0,
    "maxResTime" : 648.0,
    "pct1ResTime" : 57.0,
    "pct2ResTime" : 216.2999999999999,
    "pct3ResTime" : 612.3600000000001,
    "throughput" : 0.8901116685547823,
    "receivedKBytesPerSec" : 31.5068395725441,
    "sentKBytesPerSec" : 0.13647219918271564
  },
  "/api/v2/item-fling-effect/berry-effect" : {
    "transaction" : "/api/v2/item-fling-effect/berry-effect",
    "sampleCount" : 165,
    "errorCount" : 0,
    "errorPct" : 0.0,
    "meanResTime" : 40.47272727272726,
    "medianResTime" : 23.0,
    "minResTime" : 18.0,
    "maxResTime" : 761.0,
    "pct1ResTime" : 46.400000000000006,
    "pct2ResTime" : 71.69999999999976,
    "pct3ResTime" : 573.560000000001,
    "throughput" : 0.9080003081698016,
    "receivedKBytesPerSec" : 2.640224783386896,
    "sentKBytesPerSec" : 0.13478129574395492
  },
  "/api/v2/berry-firmness/super-hard" : {
    "transaction" : "/api/v2/berry-firmness/super-hard",
    "sampleCount" : 166,
    "errorCount" : 0,
    "errorPct" : 0.0,
    "meanResTime" : 43.89156626506024,
    "medianResTime" : 23.0,
    "minResTime" : 18.0,
    "maxResTime" : 591.0,
    "pct1ResTime" : 50.0,
    "pct2ResTime" : 139.60000000000014,
    "pct3ResTime" : 543.4300000000009,
    "throughput" : 0.8975495815039903,
    "receivedKBytesPerSec" : 2.1675644978588577,
    "sentKBytesPerSec" : 0.1288474496885611
  },
  "/api/v2/item-pocket/pokeballs" : {
    "transaction" : "/api/v2/item-pocket/pokeballs",
    "sampleCount" : 165,
    "errorCount" : 0,
    "errorPct" : 0.0,
    "meanResTime" : 44.19393939393938,
    "medianResTime" : 22.0,
    "minResTime" : 18.0,
    "maxResTime" : 767.0,
    "pct1ResTime" : 49.80000000000001,
    "pct2ResTime" : 220.09999999999997,
    "pct3ResTime" : 575.600000000001,
    "throughput" : 0.8957217074084327,
    "receivedKBytesPerSec" : 1.6192650908750386,
    "sentKBytesPerSec" : 0.1250861368744198
  },
  "/api/v2/berry-flavor/sour" : {
    "transaction" : "/api/v2/berry-flavor/sour",
    "sampleCount" : 166,
    "errorCount" : 0,
    "errorPct" : 0.0,
    "meanResTime" : 39.67469879518071,
    "medianResTime" : 23.0,
    "minResTime" : 18.0,
    "maxResTime" : 884.0,
    "pct1ResTime" : 50.30000000000001,
    "pct2ResTime" : 82.55000000000004,
    "pct3ResTime" : 476.6400000000076,
    "throughput" : 0.897525317242759,
    "receivedKBytesPerSec" : 3.5449673362962484,
    "sentKBytesPerSec" : 0.12183204989916357
  },
  "/api/v2/location-area/fuego-ironworks-area" : {
    "transaction" : "/api/v2/location-area/fuego-ironworks-area",
    "sampleCount" : 165,
    "errorCount" : 0,
    "errorPct" : 0.0,
    "meanResTime" : 44.848484848484844,
    "medianResTime" : 31.0,
    "minResTime" : 22.0,
    "maxResTime" : 573.0,
    "pct1ResTime" : 56.80000000000001,
    "pct2ResTime" : 100.59999999999945,
    "pct3ResTime" : 375.660000000001,
    "throughput" : 0.8957217074084327,
    "receivedKBytesPerSec" : 26.542917750693505,
    "sentKBytesPerSec" : 0.13645760386300343
  },
  "/api/v2/location/spring-path" : {
    "transaction" : "/api/v2/location/spring-path",
    "sampleCount" : 165,
    "errorCount" : 0,
    "errorPct" : 0.0,
    "meanResTime" : 45.66060606060608,
    "medianResTime" : 23.0,
    "minResTime" : 17.0,
    "maxResTime" : 761.0,
    "pct1ResTime" : 48.400000000000006,
    "pct2ResTime" : 250.5999999999998,
    "pct3ResTime" : 653.4200000000005,
    "throughput" : 0.8914100486223663,
    "receivedKBytesPerSec" : 1.3350838651404646,
    "sentKBytesPerSec" : 0.1236135028363047
  },
  "/api/v2/encounter-condition-value/slot2-ruby" : {
    "transaction" : "/api/v2/encounter-condition-value/slot2-ruby",
    "sampleCount" : 165,
    "errorCount" : 0,
    "errorPct" : 0.0,
    "meanResTime" : 36.703030303030296,
    "medianResTime" : 22.0,
    "minResTime" : 17.0,
    "maxResTime" : 372.0,
    "pct1ResTime" : 47.400000000000006,
    "pct2ResTime" : 176.29999999999808,
    "pct3ResTime" : 331.74000000000024,
    "throughput" : 0.8904527277535227,
    "receivedKBytesPerSec" : 1.325064911980097,
    "sentKBytesPerSec" : 0.1373940732275943
  },
  "/api/v2/pal-park-area/forest" : {
    "transaction" : "/api/v2/pal-park-area/forest",
    "sampleCount" : 166,
    "errorCount" : 0,
    "errorPct" : 0.0,
    "meanResTime" : 33.86144578313252,
    "medianResTime" : 25.0,
    "minResTime" : 19.0,
    "maxResTime" : 235.0,
    "pct1ResTime" : 51.30000000000001,
    "pct2ResTime" : 60.30000000000001,
    "pct3ResTime" : 233.66000000000003,
    "throughput" : 0.8888222569660106,
    "receivedKBytesPerSec" : 10.916360771481655,
    "sentKBytesPerSec" : 0.12325464891520849
  },
  "/api/v2/region/alola" : {
    "transaction" : "/api/v2/region/alola",
    "sampleCount" : 165,
    "errorCount" : 0,
    "errorPct" : 0.0,
    "meanResTime" : 37.393939393939405,
    "medianResTime" : 25.0,
    "minResTime" : 19.0,
    "maxResTime" : 502.0,
    "pct1ResTime" : 51.400000000000006,
    "pct2ResTime" : 71.79999999999995,
    "pct3ResTime" : 357.4600000000007,
    "throughput" : 0.8901692940148254,
    "receivedKBytesPerSec" : 8.337502840786478,
    "sentKBytesPerSec" : 0.11648699745897129
  },
  "/api/v2/encounter-condition/swarm" : {
    "transaction" : "/api/v2/encounter-condition/swarm",
    "sampleCount" : 166,
    "errorCount" : 0,
    "errorPct" : 0.0,
    "meanResTime" : 35.60843373493975,
    "medianResTime" : 22.0,
    "minResTime" : 17.0,
    "maxResTime" : 525.0,
    "pct1ResTime" : 48.60000000000002,
    "pct2ResTime" : 77.85000000000005,
    "pct3ResTime" : 411.1000000000021,
    "throughput" : 0.8887746688511249,
    "receivedKBytesPerSec" : 1.3697881948906165,
    "sentKBytesPerSec" : 0.12758776984483922
  },
  "/api/v2/item-category/training" : {
    "transaction" : "/api/v2/item-category/training",
    "sampleCount" : 166,
    "errorCount" : 0,
    "errorPct" : 0.0,
    "meanResTime" : 43.42168674698796,
    "medianResTime" : 22.0,
    "minResTime" : 17.0,
    "maxResTime" : 577.0,
    "pct1ResTime" : 48.0,
    "pct2ResTime" : 195.00000000000057,
    "pct3ResTime" : 557.5700000000004,
    "throughput" : 0.8905866068650278,
    "receivedKBytesPerSec" : 1.608592718917991,
    "sentKBytesPerSec" : 0.12523874159039453
  },
  "/api/v2/contest-type/tough" : {
    "transaction" : "/api/v2/contest-type/tough",
    "sampleCount" : 166,
    "errorCount" : 0,
    "errorPct" : 0.0,
    "meanResTime" : 36.500000000000014,
    "medianResTime" : 22.0,
    "minResTime" : 17.0,
    "maxResTime" : 567.0,
    "pct1ResTime" : 48.0,
    "pct2ResTime" : 59.650000000000006,
    "pct3ResTime" : 542.8800000000005,
    "throughput" : 0.9017965307996111,
    "receivedKBytesPerSec" : 1.5491351784850904,
    "sentKBytesPerSec" : 0.12329249444525932
  },
  "/api/v2/berry-flavor/dry" : {
    "transaction" : "/api/v2/berry-flavor/dry",
    "sampleCount" : 166,
    "errorCount" : 0,
    "errorPct" : 0.0,
    "meanResTime" : 38.79518072289158,
    "medianResTime" : 23.0,
    "minResTime" : 18.0,
    "maxResTime" : 472.0,
    "pct1ResTime" : 49.900000000000034,
    "pct2ResTime" : 98.00000000000011,
    "pct3ResTime" : 348.05000000000234,
    "throughput" : 0.8881802470853242,
    "receivedKBytesPerSec" : 3.6479742233773322,
    "sentKBytesPerSec" : 0.11969616611110814
  },
  "/api/v2/pal-park-area/mountain" : {
    "transaction" : "/api/v2/pal-park-area/mountain",
    "sampleCount" : 165,
    "errorCount" : 0,
    "errorPct" : 0.0,
    "meanResTime" : 43.0060606060606,
    "medianResTime" : 27.0,
    "minResTime" : 21.0,
    "maxResTime" : 552.0,
    "pct1ResTime" : 54.0,
    "pct2ResTime" : 99.59999999999968,
    "pct3ResTime" : 501.1800000000003,
    "throughput" : 0.8901837015456826,
    "receivedKBytesPerSec" : 15.858910308934208,
    "sentKBytesPerSec" : 0.1251820830298616
  },
  "/api/v2/region/hisui" : {
    "transaction" : "/api/v2/region/hisui",
    "sampleCount" : 165,
    "errorCount" : 0,
    "errorPct" : 0.0,
    "meanResTime" : 32.63030303030302,
    "medianResTime" : 21.0,
    "minResTime" : 16.0,
    "maxResTime" : 500.0,
    "pct1ResTime" : 45.400000000000006,
    "pct2ResTime" : 54.099999999999966,
    "pct3ResTime" : 360.0800000000007,
    "throughput" : 0.8957557464088337,
    "receivedKBytesPerSec" : 1.8139477991552753,
    "sentKBytesPerSec" : 0.11721803712771849
  },
  "/api/v2/item-category/plates" : {
    "transaction" : "/api/v2/item-category/plates",
    "sampleCount" : 166,
    "errorCount" : 0,
    "errorPct" : 0.0,
    "meanResTime" : 35.548192771084366,
    "medianResTime" : 22.0,
    "minResTime" : 17.0,
    "maxResTime" : 366.0,
    "pct1ResTime" : 42.30000000000001,
    "pct2ResTime" : 90.30000000000024,
    "pct3ResTime" : 343.89000000000044,
    "throughput" : 0.8886604781635777,
    "receivedKBytesPerSec" : 2.243049017187015,
    "sentKBytesPerSec" : 0.12323221474533988
  },
  "/api/v2/item/premier-ball" : {
    "transaction" : "/api/v2/item/premier-ball",
    "sampleCount" : 166,
    "errorCount" : 0,
    "errorPct" : 0.0,
    "meanResTime" : 42.81325301204822,
    "medianResTime" : 28.0,
    "minResTime" : 20.0,
    "maxResTime" : 733.0,
    "pct1ResTime" : 54.30000000000001,
    "pct2ResTime" : 72.40000000000009,
    "pct3ResTime" : 634.5100000000018,
    "throughput" : 0.8906965139426198,
    "receivedKBytesPerSec" : 16.451429331481293,
    "sentKBytesPerSec" : 0.12090509320119545
  },
  "/api/v2/encounter-condition/starter" : {
    "transaction" : "/api/v2/encounter-condition/starter",
    "sampleCount" : 165,
    "errorCount" : 0,
    "errorPct" : 0.0,
    "meanResTime" : 32.23030303030303,
    "medianResTime" : 23.0,
    "minResTime" : 17.0,
    "maxResTime" : 266.0,
    "pct1ResTime" : 47.80000000000001,
    "pct2ResTime" : 59.799999999999955,
    "pct3ResTime" : 251.48000000000008,
    "throughput" : 0.9064838316247487,
    "receivedKBytesPerSec" : 1.5948342611058004,
    "sentKBytesPerSec" : 0.1319004794063355
  },
  "/api/v2/location-area/eterna-forest-area" : {
    "transaction" : "/api/v2/location-area/eterna-forest-area",
    "sampleCount" : 166,
    "errorCount" : 0,
    "errorPct" : 0.0,
    "meanResTime" : 45.48192771084336,
    "medianResTime" : 30.0,
    "minResTime" : 23.0,
    "maxResTime" : 715.0,
    "pct1ResTime" : 51.60000000000002,
    "pct2ResTime" : 78.65,
    "pct3ResTime" : 627.9000000000017,
    "throughput" : 0.8888936486942366,
    "receivedKBytesPerSec" : 26.321012972291687,
    "sentKBytesPerSec" : 0.1336812713856567
  },
  "/api/v2/encounter-condition-value/swarm-yes" : {
    "transaction" : "/api/v2/encounter-condition-value/swarm-yes",
    "sampleCount" : 166,
    "errorCount" : 0,
    "errorPct" : 0.0,
    "meanResTime" : 34.98192771084338,
    "medianResTime" : 22.0,
    "minResTime" : 15.0,
    "maxResTime" : 476.0,
    "pct1ResTime" : 48.0,
    "pct2ResTime" : 76.45000000000007,
    "pct3ResTime" : 329.9400000000027,
    "throughput" : 0.8887366020280327,
    "receivedKBytesPerSec" : 1.3280124858123372,
    "sentKBytesPerSec" : 0.1362613735531261
  },
  "/api/v2/pal-park-area/field" : {
    "transaction" : "/api/v2/pal-park-area/field",
    "sampleCount" : 166,
    "errorCount" : 0,
    "errorPct" : 0.0,
    "meanResTime" : 48.83132530120483,
    "medianResTime" : 28.0,
    "minResTime" : 19.0,
    "maxResTime" : 567.0,
    "pct1ResTime" : 59.30000000000001,
    "pct2ResTime" : 235.50000000000006,
    "pct3ResTime" : 509.3800000000011,
    "throughput" : 0.8889412495515131,
    "receivedKBytesPerSec" : 18.17296634607661,
    "sentKBytesPerSec" : 0.12240304315113608
  },
  "/api/v2/location/sunyshore-city" : {
    "transaction" : "/api/v2/location/sunyshore-city",
    "sampleCount" : 165,
    "errorCount" : 0,
    "errorPct" : 0.0,
    "meanResTime" : 41.56363636363637,
    "medianResTime" : 22.0,
    "minResTime" : 18.0,
    "maxResTime" : 568.0,
    "pct1ResTime" : 50.400000000000006,
    "pct2ResTime" : 232.9999999999999,
    "pct3ResTime" : 505.3000000000003,
    "throughput" : 0.9080103017896057,
    "receivedKBytesPerSec" : 1.4317660783172643,
    "sentKBytesPerSec" : 0.12857567749950471
  },
  "/api/v2/item-attribute/consumable" : {
    "transaction" : "/api/v2/item-attribute/consumable",
    "sampleCount" : 166,
    "errorCount" : 0,
    "errorPct" : 0.0,
    "meanResTime" : 42.6686746987952,
    "medianResTime" : 22.0,
    "minResTime" : 17.0,
    "maxResTime" : 572.0,
    "pct1ResTime" : 53.30000000000001,
    "pct2ResTime" : 216.55000000000004,
    "pct3ResTime" : 543.1900000000005,
    "throughput" : 0.8907156309861725,
    "receivedKBytesPerSec" : 5.039252607087092,
    "sentKBytesPerSec" : 0.12786640405758531
  },
  "/api/v2/item-pocket/key" : {
    "transaction" : "/api/v2/item-pocket/key",
    "sampleCount" : 165,
    "errorCount" : 0,
    "errorPct" : 0.0,
    "meanResTime" : 40.28484848484849,
    "medianResTime" : 23.0,
    "minResTime" : 17.0,
    "maxResTime" : 505.0,
    "pct1ResTime" : 49.400000000000006,
    "pct2ResTime" : 192.39999999999907,
    "pct3ResTime" : 482.5600000000001,
    "throughput" : 0.9080003081698016,
    "receivedKBytesPerSec" : 1.9061127681352426,
    "sentKBytesPerSec" : 0.12148050997974885
  },
  "/api/v2/item-pocket/machines" : {
    "transaction" : "/api/v2/item-pocket/machines",
    "sampleCount" : 166,
    "errorCount" : 0,
    "errorPct" : 0.0,
    "meanResTime" : 30.945783132530117,
    "medianResTime" : 22.0,
    "minResTime" : 18.0,
    "maxResTime" : 575.0,
    "pct1ResTime" : 42.30000000000001,
    "pct2ResTime" : 53.95000000000002,
    "pct3ResTime" : 338.49000000000444,
    "throughput" : 0.8891936192322938,
    "receivedKBytesPerSec" : 1.5033808440375818,
    "sentKBytesPerSec" : 0.12330614641697824
  },
  "/api/v2/berry-firmness/very-soft" : {
    "transaction" : "/api/v2/berry-firmness/very-soft",
    "sampleCount" : 166,
    "errorCount" : 0,
    "errorPct" : 0.0,
    "meanResTime" : 33.36746987951803,
    "medianResTime" : 23.0,
    "minResTime" : 17.0,
    "maxResTime" : 582.0,
    "pct1ResTime" : 46.0,
    "pct2ResTime" : 50.650000000000006,
    "pct3ResTime" : 365.590000000004,
    "throughput" : 0.889031705227078,
    "receivedKBytesPerSec" : 1.931336442935947,
    "sentKBytesPerSec" : 0.12675647359682948
  },
  "/api/v2/berry-firmness/hard" : {
    "transaction" : "/api/v2/berry-firmness/hard",
    "sampleCount" : 166,
    "errorCount" : 0,
    "errorPct" : 0.0,
    "meanResTime" : 43.51204819277106,
    "medianResTime" : 22.0,
    "minResTime" : 18.0,
    "maxResTime" : 770.0,
    "pct1ResTime" : 50.0,
    "pct2ResTime" : 215.25000000000014,
    "pct3ResTime" : 584.4100000000035,
    "throughput" : 0.8912943096764495,
    "receivedKBytesPerSec" : 2.278651076734534,
    "sentKBytesPerSec" : 0.12272704850037047
  },
  "/api/v2/berry/iapapa" : {
    "transaction" : "/api/v2/berry/iapapa",
    "sampleCount" : 167,
    "errorCount" : 0,
    "errorPct" : 0.0,
    "meanResTime" : 50.14970059880239,
    "medianResTime" : 23.0,
    "minResTime" : 16.0,
    "maxResTime" : 1925.0,
    "pct1ResTime" : 55.400000000000034,
    "pct2ResTime" : 155.3999999999999,
    "pct3ResTime" : 989.9999999999907,
    "throughput" : 0.8802956106457785,
    "receivedKBytesPerSec" : 1.6519029638815237,
    "sentKBytesPerSec" : 0.11519493342434993
  },
  "/api/v2/contest-type/smart" : {
    "transaction" : "/api/v2/contest-type/smart",
    "sampleCount" : 166,
    "errorCount" : 0,
    "errorPct" : 0.0,
    "meanResTime" : 37.795180722891565,
    "medianResTime" : 22.0,
    "minResTime" : 16.0,
    "maxResTime" : 899.0,
    "pct1ResTime" : 42.30000000000001,
    "pct2ResTime" : 54.0,
    "pct3ResTime" : 661.8200000000045,
    "throughput" : 0.8930108452401446,
    "receivedKBytesPerSec" : 1.5334912269081382,
    "sentKBytesPerSec" : 0.12209132649767601
  },
  "/api/v2/berry/lum" : {
    "transaction" : "/api/v2/berry/lum",
    "sampleCount" : 166,
    "errorCount" : 0,
    "errorPct" : 0.0,
    "meanResTime" : 40.80722891566265,
    "medianResTime" : 23.0,
    "minResTime" : 17.0,
    "maxResTime" : 832.0,
    "pct1ResTime" : 51.0,
    "pct2ResTime" : 190.90000000000015,
    "pct3ResTime" : 480.92000000000655,
    "throughput" : 0.8936502382170063,
    "receivedKBytesPerSec" : 1.6798420634707008,
    "sentKBytesPerSec" : 0.11432439570940217
  },
  "/api/v2/item-fling-effect/flinch" : {
    "transaction" : "/api/v2/item-fling-effect/flinch",
    "sampleCount" : 165,
    "errorCount" : 0,
    "errorPct" : 0.0,
    "meanResTime" : 38.23636363636364,
    "medianResTime" : 23.0,
    "minResTime" : 17.0,
    "maxResTime" : 640.0,
    "pct1ResTime" : 46.400000000000006,
    "pct2ResTime" : 145.99999999999898,
    "pct3ResTime" : 399.76000000000124,
    "throughput" : 0.8954154727793697,
    "receivedKBytesPerSec" : 1.2466180259344881,
    "sentKBytesPerSec" : 0.12766665920487105
  },
  "/api/v2/item/ultra-ball" : {
    "transaction" : "/api/v2/item/ultra-ball",
    "sampleCount" : 166,
    "errorCount" : 0,
    "errorPct" : 0.0,
    "meanResTime" : 48.662650602409684,
    "medianResTime" : 28.0,
    "minResTime" : 21.0,
    "maxResTime" : 778.0,
    "pct1ResTime" : 55.30000000000001,
    "pct2ResTime" : 112.90000000000003,
    "pct3ResTime" : 770.6300000000001,
    "throughput" : 0.8878999561398817,
    "receivedKBytesPerSec" : 16.90079205623723,
    "sentKBytesPerSec" : 0.1187913027257459
  },
  "/api/v2/location-area/pastoria-city-area" : {
    "transaction" : "/api/v2/location-area/pastoria-city-area",
    "sampleCount" : 166,
    "errorCount" : 0,
    "errorPct" : 0.0,
    "meanResTime" : 45.903614457831324,
    "medianResTime" : 27.0,
    "minResTime" : 21.0,
    "maxResTime" : 588.0,
    "pct1ResTime" : 57.30000000000001,
    "pct2ResTime" : 211.60000000000036,
    "pct3ResTime" : 533.730000000001,
    "throughput" : 0.8889840946821614,
    "receivedKBytesPerSec" : 13.600456708884487,
    "sentKBytesPerSec" : 0.13369487361430943
  },
  "/api/v2/item-category/choice" : {
    "transaction" : "/api/v2/item-category/choice",
    "sampleCount" : 166,
    "errorCount" : 0,
    "errorPct" : 0.0,
    "meanResTime" : 33.75301204819279,
    "medianResTime" : 22.0,
    "minResTime" : 17.0,
    "maxResTime" : 553.0,
    "pct1ResTime" : 45.30000000000001,
    "pct2ResTime" : 51.95000000000002,
    "pct3ResTime" : 536.9200000000003,
    "throughput" : 0.8908972838366546,
    "receivedKBytesPerSec" : 1.3188407668693547,
    "sentKBytesPerSec" : 0.12354239678203607
  },
  "/api/v2/encounter-condition/radar" : {
    "transaction" : "/api/v2/encounter-condition/radar",
    "sampleCount" : 166,
    "errorCount" : 0,
    "errorPct" : 0.0,
    "meanResTime" : 28.87349397590361,
    "medianResTime" : 22.0,
    "minResTime" : 17.0,
    "maxResTime" : 221.0,
    "pct1ResTime" : 40.0,
    "pct2ResTime" : 51.650000000000006,
    "pct3ResTime" : 215.6400000000001,
    "throughput" : 0.8892984185488364,
    "receivedKBytesPerSec" : 1.3815243398566408,
    "sentKBytesPerSec" : 0.12766295656902243
  },
  "/api/v2/encounter-condition-value/time-night" : {
    "transaction" : "/api/v2/encounter-condition-value/time-night",
    "sampleCount" : 165,
    "errorCount" : 0,
    "errorPct" : 0.0,
    "meanResTime" : 33.15151515151515,
    "medianResTime" : 22.0,
    "minResTime" : 18.0,
    "maxResTime" : 394.0,
    "pct1ResTime" : 42.0,
    "pct2ResTime" : 52.0,
    "pct3ResTime" : 298.3000000000005,
    "throughput" : 0.8891762994099103,
    "receivedKBytesPerSec" : 1.3029095684126857,
    "sentKBytesPerSec" : 0.1371971243230135
  },
  "/api/v2/berry/rawst" : {
    "transaction" : "/api/v2/berry/rawst",
    "sampleCount" : 166,
    "errorCount" : 0,
    "errorPct" : 0.0,
    "meanResTime" : 48.96987951807225,
    "medianResTime" : 23.0,
    "minResTime" : 18.0,
    "maxResTime" : 1085.0,
    "pct1ResTime" : 50.30000000000001,
    "pct2ResTime" : 199.3,
    "pct3ResTime" : 869.2600000000041,
    "throughput" : 0.8900565668480738,
    "receivedKBytesPerSec" : 1.6653112098201122,
    "sentKBytesPerSec" : 0.11560305018632208
  },
  "/api/v2/item/ice-heal" : {
    "transaction" : "/api/v2/item/ice-heal",
    "sampleCount" : 165,
    "errorCount" : 0,
    "errorPct" : 0.0,
    "meanResTime" : 39.16363636363635,
    "medianResTime" : 27.0,
    "minResTime" : 21.0,
    "maxResTime" : 283.0,
    "pct1ResTime" : 51.0,
    "pct2ResTime" : 84.19999999999959,
    "pct3ResTime" : 277.72,
    "throughput" : 0.9080202956293957,
    "receivedKBytesPerSec" : 15.97950733191994,
    "sentKBytesPerSec" : 0.11970970694332853
  },
  "/api/v2/encounter-method/headbutt" : {
    "transaction" : "/api/v2/encounter-method/headbutt",
    "sampleCount" : 165,
    "errorCount" : 0,
    "errorPct" : 0.0,
    "meanResTime" : 47.55151515151513,
    "medianResTime" : 22.0,
    "minResTime" : 17.0,
    "maxResTime" : 590.0,
    "pct1ResTime" : 54.400000000000006,
    "pct2ResTime" : 242.49999999999994,
    "pct3ResTime" : 516.0800000000004,
    "throughput" : 0.8902317300169953,
    "receivedKBytesPerSec" : 1.2885229656181716,
    "sentKBytesPerSec" : 0.12779693780517415
  },
  "/api/v2/item-fling-effect/burn" : {
    "transaction" : "/api/v2/item-fling-effect/burn",
    "sampleCount" : 166,
    "errorCount" : 0,
    "errorPct" : 0.0,
    "meanResTime" : 30.807228915662638,
    "medianResTime" : 22.0,
    "minResTime" : 17.0,
    "maxResTime" : 263.0,
    "pct1ResTime" : 45.60000000000002,
    "pct2ResTime" : 56.30000000000001,
    "pct3ResTime" : 253.62000000000018,
    "throughput" : 0.8902761464986941,
    "receivedKBytesPerSec" : 1.1462703429440253,
    "sentKBytesPerSec" : 0.12519508310137886
  },
  "/api/v2/item-pocket/medicine" : {
    "transaction" : "/api/v2/item-pocket/medicine",
    "sampleCount" : 166,
    "errorCount" : 0,
    "errorPct" : 0.0,
    "meanResTime" : 37.21686746987953,
    "medianResTime" : 22.0,
    "minResTime" : 16.0,
    "maxResTime" : 659.0,
    "pct1ResTime" : 47.30000000000001,
    "pct2ResTime" : 176.00000000000068,
    "pct3ResTime" : 378.2700000000052,
    "throughput" : 0.8902809211725966,
    "receivedKBytesPerSec" : 1.8053820682807924,
    "sentKBytesPerSec" : 0.12345692461573116
  },
  "/api/v2/pal-park-area/pond" : {
    "transaction" : "/api/v2/pal-park-area/pond",
    "sampleCount" : 165,
    "errorCount" : 0,
    "errorPct" : 0.0,
    "meanResTime" : 44.13939393939392,
    "medianResTime" : 23.0,
    "minResTime" : 18.0,
    "maxResTime" : 720.0,
    "pct1ResTime" : 48.80000000000001,
    "pct2ResTime" : 235.19999999999993,
    "pct3ResTime" : 558.9600000000008,
    "throughput" : 0.8957654723127035,
    "receivedKBytesPerSec" : 5.874919415038002,
    "sentKBytesPerSec" : 0.12246793566775245
  },
  "/api/v2/item/antidote" : {
    "transaction" : "/api/v2/item/antidote",
    "sampleCount" : 165,
    "errorCount" : 0,
    "errorPct" : 0.0,
    "meanResTime" : 40.921212121212115,
    "medianResTime" : 28.0,
    "minResTime" : 21.0,
    "maxResTime" : 592.0,
    "pct1ResTime" : 61.0,
    "pct2ResTime" : 83.39999999999998,
    "pct3ResTime" : 374.86000000000115,
    "throughput" : 0.8968366126752907,
    "receivedKBytesPerSec" : 15.8862270185618,
    "sentKBytesPerSec" : 0.11823529561637135
  },
  "/api/v2/contest-effect/9" : {
    "transaction" : "/api/v2/contest-effect/9",
    "sampleCount" : 165,
    "errorCount" : 0,
    "errorPct" : 0.0,
    "meanResTime" : 43.83636363636364,
    "medianResTime" : 22.0,
    "minResTime" : 17.0,
    "maxResTime" : 742.0,
    "pct1ResTime" : 42.20000000000002,
    "pct2ResTime" : 197.09999999999985,
    "pct3ResTime" : 631.1200000000006,
    "throughput" : 0.9016935444207029,
    "receivedKBytesPerSec" : 1.2790855939428052,
    "sentKBytesPerSec" : 0.12151729407232129
  },
  "/api/v2/encounter-condition-value/item-claw-fossil" : {
    "transaction" : "/api/v2/encounter-condition-value/item-claw-fossil",
    "sampleCount" : 165,
    "errorCount" : 0,
    "errorPct" : 0.0,
    "meanResTime" : 37.44242424242426,
    "medianResTime" : 22.0,
    "minResTime" : 18.0,
    "maxResTime" : 500.0,
    "pct1ResTime" : 48.20000000000002,
    "pct2ResTime" : 145.5999999999989,
    "pct3ResTime" : 352.16000000000076,
    "throughput" : 0.9064589319166937,
    "receivedKBytesPerSec" : 1.3250470311409848,
    "sentKBytesPerSec" : 0.14517506331478297
  },
  "/api/v2/contest-effect/7" : {
    "transaction" : "/api/v2/contest-effect/7",
    "sampleCount" : 165,
    "errorCount" : 0,
    "errorPct" : 0.0,
    "meanResTime" : 34.212121212121204,
    "medianResTime" : 22.0,
    "minResTime" : 18.0,
    "maxResTime" : 666.0,
    "pct1ResTime" : 43.400000000000006,
    "pct2ResTime" : 55.39999999999998,
    "pct3ResTime" : 363.06000000000154,
    "throughput" : 0.8928813009009985,
    "receivedKBytesPerSec" : 1.2759282245190617,
    "sentKBytesPerSec" : 0.12032970656673612
  },
  "Total" : {
    "transaction" : "Total",
    "sampleCount" : 14904,
    "errorCount" : 166,
    "errorPct" : 1.1137949,
    "meanResTime" : 38.87385936661298,
    "medianResTime" : 23.0,
    "minResTime" : 15.0,
    "maxResTime" : 1925.0,
    "pct1ResTime" : 48.0,
    "pct2ResTime" : 78.0,
    "pct3ResTime" : 314.8500000000022,
    "throughput" : 78.56242982673463,
    "receivedKBytesPerSec" : 420.72075994516604,
    "sentKBytesPerSec" : 11.010659953204645
  },
  "/api/v2/encounter-condition/weekday" : {
    "transaction" : "/api/v2/encounter-condition/weekday",
    "sampleCount" : 165,
    "errorCount" : 0,
    "errorPct" : 0.0,
    "meanResTime" : 29.94545454545455,
    "medianResTime" : 23.0,
    "minResTime" : 17.0,
    "maxResTime" : 307.0,
    "pct1ResTime" : 45.400000000000006,
    "pct2ResTime" : 52.69999999999999,
    "pct3ResTime" : 276.64000000000016,
    "throughput" : 0.8904094804325771,
    "receivedKBytesPerSec" : 1.554548710795001,
    "sentKBytesPerSec" : 0.12956153572700585
  },
  "/api/v2/pal-park-area/sea" : {
    "transaction" : "/api/v2/pal-park-area/sea",
    "sampleCount" : 165,
    "errorCount" : 0,
    "errorPct" : 0.0,
    "meanResTime" : 32.6727272727273,
    "medianResTime" : 24.0,
    "minResTime" : 18.0,
    "maxResTime" : 330.0,
    "pct1ResTime" : 49.400000000000006,
    "pct2ResTime" : 56.69999999999999,
    "pct3ResTime" : 295.6800000000002,
    "throughput" : 0.9080452811913554,
    "receivedKBytesPerSec" : 7.092340982009697,
    "sentKBytesPerSec" : 0.12326005281796719
  },
  "/api/v2/contest-type/cool" : {
    "transaction" : "/api/v2/contest-type/cool",
    "sampleCount" : 166,
    "errorCount" : 0,
    "errorPct" : 0.0,
    "meanResTime" : 33.445783132530124,
    "medianResTime" : 22.0,
    "minResTime" : 18.0,
    "maxResTime" : 496.0,
    "pct1ResTime" : 45.0,
    "pct2ResTime" : 53.30000000000001,
    "pct3ResTime" : 342.5700000000029,
    "throughput" : 0.8892555431155014,
    "receivedKBytesPerSec" : 1.523432896361552,
    "sentKBytesPerSec" : 0.12070949266899873
  },
  "/api/v2/berry-flavor/bitter" : {
    "transaction" : "/api/v2/berry-flavor/bitter",
    "sampleCount" : 166,
    "errorCount" : 0,
    "errorPct" : 0.0,
    "meanResTime" : 35.608433734939766,
    "medianResTime" : 22.0,
    "minResTime" : 17.0,
    "maxResTime" : 568.0,
    "pct1ResTime" : 47.30000000000001,
    "pct2ResTime" : 62.30000000000001,
    "pct3ResTime" : 380.4000000000035,
    "throughput" : 0.8928283295504663,
    "receivedKBytesPerSec" : 3.524866117769973,
    "sentKBytesPerSec" : 0.12293827584630446
  }
}